Primary ID,0,1,2,3,4,5,6,7,8,0,1,2,3,4,5,0,1,2,3,4,5,6,API %,Plast %
Amlodipine_N1_1,15.634220801497117,3.989572636665035,-12.423215022976503,-0.11035502725505689,-9.2851580352786,1.2976157289326815,3.416440957716851,-3.114765762443254,6.599175155118991,3.1242976573849717,0.6768911872363705,-0.1864595299558892,-0.894440653116894,0.29274309831745865,0.5987067383486372,3.3202157339702114,-0.8800283028530628,1.3818420331939634,-0.010331314681603764,0.42039130855781864,0.5680597777720389,-0.20166612764117997,-1.3549620506594853,-1.3339459376998315
Amlodipine_N2_1,15.634220801497113,3.989572636665041,-12.42321502297648,-0.11035502725508636,-9.285158035278592,1.2976157289327053,3.4164409577168264,-3.1147657624432545,6.599175155118987,3.1242976573849885,0.6768911872363602,-0.18645952995589005,-0.8944406531168907,0.29274309831745504,0.598706738348641,3.3202157339702296,-0.8800283028530668,1.3818420331939654,-0.0103313146816091,0.4203913085578227,0.5680597777720386,-0.20166612764117808,-0.01101595163137803,-1.3339459376998315
Amlodipine_N3_1,15.634220801497113,3.9895726366650246,-12.423215022976478,-0.11035502725507677,-9.285158035278593,1.2976157289326986,3.416440957716852,-3.1147657624432576,6.599175155118997,3.124297657384981,0.6768911872363735,-0.1864595299558885,-0.8944406531168898,0.2927430983174513,0.5987067383486394,3.3202157339702296,-0.880028302853065,1.3818420331939614,-0.01033131468161151,0.42039130855782264,0.5680597777720379,-0.20166612764117997,1.3329301473967292,-1.3339459376998315
Amlodipine_N4_1,15.634220801497113,3.9895726366650353,-12.423215022976485,-0.11035502725506231,-9.285158035278611,1.297615728932714,3.4164409577168526,-3.1147657624432736,6.599175155118993,3.12429765738498,0.6768911872363726,-0.1864595299558922,-0.8944406531168946,0.2927430983174539,0.5987067383486396,3.3202157339702287,-0.8800283028530652,1.3818420331939654,-0.01033131468160965,0.4203913085578224,0.5680597777720378,-0.20166612764117858,-1.3549620506594853,0.0
Amlodipine_N5_1,15.634220801497113,3.9895726366650357,-12.423215022976485,-0.110355027255071,-9.285158035278593,1.2976157289327006,3.416440957716845,-3.1147657624432474,6.599175155119008,3.1242976573849797,0.6768911872363736,-0.18645952995589182,-0.8944406531168946,0.2927430983174523,0.5987067383486402,3.32021573397023,-0.8800283028530681,1.3818420331939623,-0.010331314681606616,0.4203913085578231,0.5680597777720368,-0.20166612764117697,-0.01101595163137803,0.0
Amlodipine_N6_1,15.634220801497113,3.9895726366650357,-12.423215022976485,-0.11035502725507139,-9.285158035278593,1.2976157289326962,3.4164409577168544,-3.1147657624432505,6.599175155118999,3.12429765738498,0.6768911872363746,-0.18645952995589343,-0.8944406531168917,0.2927430983174529,0.5987067383486393,3.3202157339702336,-0.880028302853064,1.381842033193963,-0.010331314681608786,0.4203913085578191,0.5680597777720359,-0.2016661276411797,1.3329301473967292,0.0
Amlodipine_N7_1,15.634220801497113,3.9895726366650357,-12.423215022976485,-0.11035502725507111,-9.285158035278593,1.2976157289327008,3.4164409577168406,-3.1147657624432465,6.599175155118999,3.124297657384979,0.6768911872363744,-0.18645952995589074,-0.8944406531168935,0.29274309831745254,0.5987067383486392,3.3202157339702283,-0.8800283028530671,1.3818420331939636,-0.010331314681608236,0.420391308557822,0.5680597777720378,-0.20166612764117928,-1.3549620506594853,1.3339459376998315
Amlodipine_N8_1,15.634220801497113,3.9895726366650357,-12.423215022976485,-0.11035502725507111,-9.285158035278593,1.2976157289327008,3.4164409577168393,-3.114765762443258,6.599175155118996,3.124297657384981,0.6768911872363738,-0.1864595299558912,-0.8944406531168931,0.2927430983174525,0.5987067383486399,3.3202157339702287,-0.880028302853062,1.381842033193967,-0.01033131468161021,0.4203913085578265,0.5680597777720376,-0.20166612764117664,-0.01101595163137803,1.3339459376998315
Amlodipine_N9_1,15.634220801497113,3.9895726366650357,-12.423215022976485,-0.11035502725507107,-9.285158035278593,1.2976157289326997,3.416440957716846,-3.114765762443253,6.599175155118991,3.124297657384981,0.6768911872363731,-0.18645952995589082,-0.8944406531168937,0.2927430983174511,0.59870673834864,3.3202157339702287,-0.8800283028530661,1.381842033193965,-0.010331314681608634,0.4203913085578226,0.5680597777720389,-0.20166612764117925,1.3329301473967292,1.3339459376998315
Amlodipine_N10_1,15.634220801497113,3.9895726366650357,-12.423215022976485,-0.11035502725507107,-9.285158035278593,1.2976157289326997,3.416440957716846,-3.114765762443254,6.599175155118992,3.12429765738498,0.6768911872363735,-0.18645952995589105,-0.8944406531168937,0.2927430983174528,0.5987067383486407,3.3202157339702314,-0.8800283028530604,1.3818420331939676,-0.010331314681612854,0.4203913085578216,0.5680597777720369,-0.20166612764117858,-0.01101595163137803,0.0
Amlodipine_N11_1,15.634220801497113,3.9895726366650357,-12.423215022976485,-0.11035502725507107,-9.285158035278593,1.2976157289326997,3.416440957716846,-3.1147657624432536,6.599175155118992,3.124297657384981,0.676891187236374,-0.18645952995589093,-0.8944406531168935,0.29274309831745243,0.5987067383486399,3.3202157339702314,-0.8800283028530657,1.3818420331939647,-0.010331314681608595,0.42039130855782214,0.5680597777720376,-0.20166612764117803,-0.01101595163137803,0.0
Metronidazol_N1_1,-24.268519528269135,-11.518693527511873,7.605304785324126,-17.970187616035563,1.4573082214494322,-2.9628783970444075,7.480494067483813,-8.012989290459487,2.6424899882724993,-4.297710668868079,-1.7072843260636796,2.664908842770519,-1.0387368839502278,0.49142914633583323,0.720132520675553,-4.063089367061688,2.2559304915577134,-1.2534007822641726,0.0008221579131764447,0.9964805836269949,0.1585829464283335,-1.7593360903676172,-1.3549620506594853,-1.3339459376998315
Metronidazol_N2_1,-24.268519528269135,-11.518693527511873,7.605304785324126,-17.970187616035563,1.4573082214494322,-2.9628783970444075,7.480494067483813,-8.012989290459487,2.6424899882724993,-4.297710668868079,-1.7072843260636796,2.664908842770519,-1.0387368839502278,0.49142914633583323,0.720132520675553,-4.063089367061688,2.2559304915577134,-1.2534007822641726,0.0008221579131764447,0.9964805836269949,0.1585829464283335,-1.7593360903676172,-0.01101595163137803,-1.3339459376998315
Metronidazol_N3_1,-24.268519528269135,-11.518693527511873,7.605304785324126,-17.970187616035563,1.4573082214494322,-2.9628783970444075,7.480494067483813,-8.012989290459487,2.6424899882724993,-4.297710668868079,-1.7072843260636796,2.664908842770519,-1.0387368839502278,0.49142914633583323,0.720132520675553,-4.063089367061688,2.2559304915577134,-1.2534007822641726,0.0008221579131764447,0.9964805836269949,0.1585829464283335,-1.7593360903676172,1.3329301473967292,-1.3339459376998315
Metronidazol_N4_1,-24.268519528269135,-11.518693527511873,7.605304785324126,-17.970187616035563,1.4573082214494322,-2.9628783970444075,7.480494067483813,-8.012989290459487,2.6424899882724993,-4.297710668868079,-1.7072843260636796,2.664908842770519,-1.0387368839502278,0.49142914633583323,0.720132520675553,-4.063089367061688,2.2559304915577134,-1.2534007822641726,0.0008221579131764447,0.9964805836269949,0.1585829464283335,-1.7593360903676172,-1.3549620506594853,0.0
Metronidazol_N5_1,-24.268519528269135,-11.518693527511873,7.605304785324126,-17.970187616035563,1.4573082214494322,-2.9628783970444075,7.480494067483813,-8.012989290459487,2.6424899882724993,-4.297710668868079,-1.7072843260636796,2.664908842770519,-1.0387368839502278,0.49142914633583323,0.720132520675553,-4.063089367061688,2.2559304915577134,-1.2534007822641726,0.0008221579131764447,0.9964805836269949,0.1585829464283335,-1.7593360903676172,-0.01101595163137803,0.0
Metronidazol_N6_1,-24.268519528269135,-11.518693527511873,7.605304785324126,-17.970187616035563,1.4573082214494322,-2.9628783970444075,7.480494067483813,-8.012989290459487,2.6424899882724993,-4.297710668868079,-1.7072843260636796,2.664908842770519,-1.0387368839502278,0.49142914633583323,0.720132520675553,-4.063089367061688,2.2559304915577134,-1.2534007822641726,0.0008221579131764447,0.9964805836269949,0.1585829464283335,-1.7593360903676172,1.3329301473967292,0.0
Metronidazol_N7_1,-24.268519528269135,-11.518693527511873,7.605304785324126,-17.970187616035563,1.4573082214494322,-2.9628783970444075,7.480494067483813,-8.012989290459487,2.6424899882724993,-4.297710668868079,-1.7072843260636796,2.664908842770519,-1.0387368839502278,0.49142914633583323,0.720132520675553,-4.063089367061688,2.2559304915577134,-1.2534007822641726,0.0008221579131764447,0.9964805836269949,0.1585829464283335,-1.7593360903676172,-1.3549620506594853,1.3339459376998315
Metronidazol_N8_1,-24.268519528269135,-11.518693527511873,7.605304785324126,-17.970187616035563,1.4573082214494322,-2.9628783970444075,7.480494067483813,-8.012989290459487,2.6424899882724993,-4.297710668868079,-1.7072843260636796,2.664908842770519,-1.0387368839502278,0.49142914633583323,0.720132520675553,-4.063089367061688,2.2559304915577134,-1.2534007822641726,0.0008221579131764447,0.9964805836269949,0.1585829464283335,-1.7593360903676172,-0.01101595163137803,1.3339459376998315
Metronidazol_N9_1,-24.268519528269135,-11.518693527511873,7.605304785324126,-17.970187616035563,1.4573082214494322,-2.9628783970444075,7.480494067483813,-8.012989290459487,2.6424899882724993,-4.297710668868079,-1.7072843260636796,2.664908842770519,-1.0387368839502278,0.49142914633583323,0.720132520675553,-4.063089367061688,2.2559304915577134,-1.2534007822641726,0.0008221579131764447,0.9964805836269949,0.1585829464283335,-1.7593360903676172,1.3329301473967292,1.3339459376998315
Metronidazol_N10_1,-24.268519528269135,-11.518693527511873,7.605304785324126,-17.970187616035563,1.4573082214494322,-2.9628783970444075,7.480494067483813,-8.012989290459487,2.6424899882724993,-4.297710668868079,-1.7072843260636796,2.664908842770519,-1.0387368839502278,0.49142914633583323,0.720132520675553,-4.063089367061688,2.2559304915577134,-1.2534007822641726,0.0008221579131764447,0.9964805836269949,0.1585829464283335,-1.7593360903676172,-0.01101595163137803,0.0
Metronidazol_N11_1,-24.268519528269135,-11.518693527511873,7.605304785324126,-17.970187616035563,1.4573082214494322,-2.9628783970444075,7.480494067483813,-8.012989290459487,2.6424899882724993,-4.297710668868079,-1.7072843260636796,2.664908842770519,-1.0387368839502278,0.49142914633583323,0.720132520675553,-4.063089367061688,2.2559304915577134,-1.2534007822641726,0.0008221579131764447,0.9964805836269949,0.1585829464283335,-1.7593360903676172,-0.01101595163137803,0.0
Paracetamol_N1_1,-24.5723085793395,-11.044461052112785,6.276247783473456,10.366243370588192,-2.527489042755,-10.918049005769985,-3.9892569120619945,7.998483622521806,0.9936156570716674,-3.820436914103064,-3.011863801460916,-0.8053363434286746,0.94321141049668,-1.4047941760116558,-0.6395798849336883,-1.9147773923613836,2.6136445013824243,-2.4408253973913925,1.6454273036329587,-2.3297043610952297,-0.06793919057996675,1.100385709838193,-1.3549620506594853,-1.3339459376998315
Paracetamol_N2_1,-24.5723085793395,-11.044461052112785,6.276247783473456,10.366243370588192,-2.527489042755,-10.918049005769985,-3.9892569120619945,7.998483622521806,0.9936156570716674,-3.820436914103064,-3.011863801460916,-0.8053363434286746,0.94321141049668,-1.4047941760116558,-0.6395798849336883,-1.9147773923613836,2.6136445013824243,-2.4408253973913925,1.6454273036329587,-2.3297043610952297,-0.06793919057996675,1.100385709838193,-0.01101595163137803,-1.3339459376998315
Paracetamol_N3_1,-24.5723085793395,-11.044461052112785,6.276247783473456,10.366243370588192,-2.527489042755,-10.918049005769985,-3.9892569120619945,7.998483622521806,0.9936156570716674,-3.820436914103064,-3.011863801460916,-0.8053363434286746,0.94321141049668,-1.4047941760116558,-0.6395798849336883,-1.9147773923613836,2.6136445013824243,-2.4408253973913925,1.6454273036329587,-2.3297043610952297,-0.06793919057996675,1.100385709838193,1.3329301473967292,-1.3339459376998315
Paracetamol_N4_1,-24.5723085793395,-11.044461052112785,6.276247783473456,10.366243370588192,-2.527489042755,-10.918049005769985,-3.9892569120619945,7.998483622521806,0.9936156570716674,-3.820436914103064,-3.011863801460916,-0.8053363434286746,0.94321141049668,-1.4047941760116558,-0.6395798849336883,-1.9147773923613836,2.6136445013824243,-2.4408253973913925,1.6454273036329587,-2.3297043610952297,-0.06793919057996675,1.100385709838193,-1.3549620506594853,0.0
Paracetamol_N5_1,-24.5723085793395,-11.044461052112785,6.276247783473456,10.366243370588192,-2.527489042755,-10.918049005769985,-3.9892569120619945,7.998483622521806,0.9936156570716674,-3.820436914103064,-3.011863801460916,-0.8053363434286746,0.94321141049668,-1.4047941760116558,-0.6395798849336883,-1.9147773923613836,2.6136445013824243,-2.4408253973913925,1.6454273036329587,-2.3297043610952297,-0.06793919057996675,1.100385709838193,-0.01101595163137803,0.0
Paracetamol_N6_1,-24.5723085793395,-11.044461052112785,6.276247783473456,10.366243370588192,-2.527489042755,-10.918049005769985,-3.9892569120619945,7.998483622521806,0.9936156570716674,-3.820436914103064,-3.011863801460916,-0.8053363434286746,0.94321141049668,-1.4047941760116558,-0.6395798849336883,-1.9147773923613836,2.6136445013824243,-2.4408253973913925,1.6454273036329587,-2.3297043610952297,-0.06793919057996675,1.100385709838193,1.3329301473967292,0.0
Paracetamol_N7_1,-24.5723085793395,-11.044461052112785,6.276247783473456,10.366243370588192,-2.527489042755,-10.918049005769985,-3.9892569120619945,7.998483622521806,0.9936156570716674,-3.820436914103064,-3.011863801460916,-0.8053363434286746,0.94321141049668,-1.4047941760116558,-0.6395798849336883,-1.9147773923613836,2.6136445013824243,-2.4408253973913925,1.6454273036329587,-2.3297043610952297,-0.06793919057996675,1.100385709838193,-1.3549620506594853,1.3339459376998315
Paracetamol_N8_1,-24.5723085793395,-11.044461052112785,6.276247783473456,10.366243370588192,-2.527489042755,-10.918049005769985,-3.9892569120619945,7.998483622521806,0.9936156570716674,-3.820436914103064,-3.011863801460916,-0.8053363434286746,0.94321141049668,-1.4047941760116558,-0.6395798849336883,-1.9147773923613836,2.6136445013824243,-2.4408253973913925,1.6454273036329587,-2.3297043610952297,-0.06793919057996675,1.100385709838193,-0.01101595163137803,1.3339459376998315
Paracetamol_N9_1,-24.5723085793395,-11.044461052112785,6.276247783473456,10.366243370588192,-2.527489042755,-10.918049005769985,-3.9892569120619945,7.998483622521806,0.9936156570716674,-3.820436914103064,-3.011863801460916,-0.8053363434286746,0.94321141049668,-1.4047941760116558,-0.6395798849336883,-1.9147773923613836,2.6136445013824243,-2.4408253973913925,1.6454273036329587,-2.3297043610952297,-0.06793919057996675,1.100385709838193,1.3329301473967292,1.3339459376998315
Paracetamol_N10_1,-24.5723085793395,-11.044461052112785,6.276247783473456,10.366243370588192,-2.527489042755,-10.918049005769985,-3.9892569120619945,7.998483622521806,0.9936156570716674,-3.820436914103064,-3.011863801460916,-0.8053363434286746,0.94321141049668,-1.4047941760116558,-0.6395798849336883,-1.9147773923613836,2.6136445013824243,-2.4408253973913925,1.6454273036329587,-2.3297043610952297,-0.06793919057996675,1.100385709838193,-0.01101595163137803,0.0
Paracetamol_N11_1,-24.5723085793395,-11.044461052112785,6.276247783473456,10.366243370588192,-2.527489042755,-10.918049005769985,-3.9892569120619945,7.998483622521806,0.9936156570716674,-3.820436914103064,-3.011863801460916,-0.8053363434286746,0.94321141049668,-1.4047941760116558,-0.6395798849336883,-1.9147773923613836,2.6136445013824243,-2.4408253973913925,1.6454273036329587,-2.3297043610952297,-0.06793919057996675,1.100385709838193,-0.01101595163137803,0.0
Felodipine_N1_1,11.591006937426691,8.445972912889022,-8.415374860967146,-1.063838565120894,-14.60779495017314,-5.441334630593612,7.428469177574812,4.382761599450746,-0.8462705513864682,2.546666649862985,0.8653536027028907,-1.0247537911848075,-1.7094177430170923,-1.7046155287083704,0.7369513548304799,4.096898729335897,0.06717198164742229,-0.5211166322033561,0.7322788143104424,-0.4459589046242684,-0.4979342712807157,-0.12154425289901842,-1.3549620506594853,-1.3339459376998315
Felodipine_N2_1,11.591006937426691,8.445972912889022,-8.415374860967146,-1.063838565120894,-14.60779495017314,-5.441334630593612,7.428469177574812,4.382761599450746,-0.8462705513864682,2.546666649862985,0.8653536027028907,-1.0247537911848075,-1.7094177430170923,-1.7046155287083704,0.7369513548304799,4.096898729335897,0.06717198164742229,-0.5211166322033561,0.7322788143104424,-0.4459589046242684,-0.4979342712807157,-0.12154425289901842,-0.01101595163137803,-1.3339459376998315
Felodipine_N3_1,11.591006937426691,8.445972912889022,-8.415374860967146,-1.063838565120894,-14.60779495017314,-5.441334630593612,7.428469177574812,4.382761599450746,-0.8462705513864682,2.546666649862985,0.8653536027028907,-1.0247537911848075,-1.7094177430170923,-1.7046155287083704,0.7369513548304799,4.096898729335897,0.06717198164742229,-0.5211166322033561,0.7322788143104424,-0.4459589046242684,-0.4979342712807157,-0.12154425289901842,1.3329301473967292,-1.3339459376998315
Felodipine_N4_1,11.591006937426691,8.445972912889022,-8.415374860967146,-1.063838565120894,-14.60779495017314,-5.441334630593612,7.428469177574812,4.382761599450746,-0.8462705513864682,2.546666649862985,0.8653536027028907,-1.0247537911848075,-1.7094177430170923,-1.7046155287083704,0.7369513548304799,4.096898729335897,0.06717198164742229,-0.5211166322033561,0.7322788143104424,-0.4459589046242684,-0.4979342712807157,-0.12154425289901842,-1.3549620506594853,0.0
Felodipine_N5_1,11.591006937426691,8.445972912889022,-8.415374860967146,-1.063838565120894,-14.60779495017314,-5.441334630593612,7.428469177574812,4.382761599450746,-0.8462705513864682,2.546666649862985,0.8653536027028907,-1.0247537911848075,-1.7094177430170923,-1.7046155287083704,0.7369513548304799,4.096898729335897,0.06717198164742229,-0.5211166322033561,0.7322788143104424,-0.4459589046242684,-0.4979342712807157,-0.12154425289901842,-0.01101595163137803,0.0
Felodipine_N6_1,11.591006937426691,8.445972912889022,-8.415374860967146,-1.063838565120894,-14.60779495017314,-5.441334630593612,7.428469177574812,4.382761599450746,-0.8462705513864682,2.546666649862985,0.8653536027028907,-1.0247537911848075,-1.7094177430170923,-1.7046155287083704,0.7369513548304799,4.096898729335897,0.06717198164742229,-0.5211166322033561,0.7322788143104424,-0.4459589046242684,-0.4979342712807157,-0.12154425289901842,1.3329301473967292,0.0
Felodipine_N7_1,11.591006937426691,8.445972912889022,-8.415374860967146,-1.063838565120894,-14.60779495017314,-5.441334630593612,7.428469177574812,4.382761599450746,-0.8462705513864682,2.546666649862985,0.8653536027028907,-1.0247537911848075,-1.7094177430170923,-1.7046155287083704,0.7369513548304799,4.096898729335897,0.06717198164742229,-0.5211166322033561,0.7322788143104424,-0.4459589046242684,-0.4979342712807157,-0.12154425289901842,-1.3549620506594853,1.3339459376998315
Felodipine_N8_1,11.591006937426691,8.445972912889022,-8.415374860967146,-1.063838565120894,-14.60779495017314,-5.441334630593612,7.428469177574812,4.382761599450746,-0.8462705513864682,2.546666649862985,0.8653536027028907,-1.0247537911848075,-1.7094177430170923,-1.7046155287083704,0.7369513548304799,4.096898729335897,0.06717198164742229,-0.5211166322033561,0.7322788143104424,-0.4459589046242684,-0.4979342712807157,-0.12154425289901842,-0.01101595163137803,1.3339459376998315
Felodipine_N9_1,11.591006937426691,8.445972912889022,-8.415374860967146,-1.063838565120894,-14.60779495017314,-5.441334630593612,7.428469177574812,4.382761599450746,-0.8462705513864682,2.546666649862985,0.8653536027028907,-1.0247537911848075,-1.7094177430170923,-1.7046155287083704,0.7369513548304799,4.096898729335897,0.06717198164742229,-0.5211166322033561,0.7322788143104424,-0.4459589046242684,-0.4979342712807157,-0.12154425289901842,1.3329301473967292,1.3339459376998315
Felodipine_N10_1,11.591006937426691,8.445972912889022,-8.415374860967146,-1.063838565120894,-14.60779495017314,-5.441334630593612,7.428469177574812,4.382761599450746,-0.8462705513864682,2.546666649862985,0.8653536027028907,-1.0247537911848075,-1.7094177430170923,-1.7046155287083704,0.7369513548304799,4.096898729335897,0.06717198164742229,-0.5211166322033561,0.7322788143104424,-0.4459589046242684,-0.4979342712807157,-0.12154425289901842,-0.01101595163137803,0.0
Felodipine_N11_1,11.591006937426691,8.445972912889022,-8.415374860967146,-1.063838565120894,-14.60779495017314,-5.441334630593612,7.428469177574812,4.382761599450746,-0.8462705513864682,2.546666649862985,0.8653536027028907,-1.0247537911848075,-1.7094177430170923,-1.7046155287083704,0.7369513548304799,4.096898729335897,0.06717198164742229,-0.5211166322033561,0.7322788143104424,-0.4459589046242684,-0.4979342712807157,-0.12154425289901842,-0.01101595163137803,0.0
Simvastatine_N1_1,28.208525802217803,-4.454204800128073,9.680246141791956,1.8792175735683199,-5.288572561697439,3.4144327109676507,-7.007293570685753,-8.297790217886776,-9.233971241995963,4.369967087989004,-0.6833158598365374,-0.4662648816371315,0.1151095807521196,0.3746370197538275,-1.1582736679297307,5.264047584605097,-0.9935716031478078,-1.4468213143985686,-0.8037778142614488,1.081384748781149,0.4520407836374074,0.25898600165451696,-1.3549620506594853,-1.3339459376998315
Simvastatine_N2_1,28.208525802217803,-4.454204800128073,9.680246141791956,1.8792175735683199,-5.288572561697439,3.4144327109676507,-7.007293570685753,-8.297790217886776,-9.233971241995963,4.369967087989004,-0.6833158598365374,-0.4662648816371315,0.1151095807521196,0.3746370197538275,-1.1582736679297307,5.264047584605097,-0.9935716031478078,-1.4468213143985686,-0.8037778142614488,1.081384748781149,0.4520407836374074,0.25898600165451696,-0.01101595163137803,-1.3339459376998315
Simvastatine_N3_1,28.208525802217803,-4.454204800128073,9.680246141791956,1.8792175735683199,-5.288572561697439,3.4144327109676507,-7.007293570685753,-8.297790217886776,-9.233971241995963,4.369967087989004,-0.6833158598365374,-0.4662648816371315,0.1151095807521196,0.3746370197538275,-1.1582736679297307,5.264047584605097,-0.9935716031478078,-1.4468213143985686,-0.8037778142614488,1.081384748781149,0.4520407836374074,0.25898600165451696,1.3329301473967292,-1.3339459376998315
Simvastatine_N4_1,28.208525802217803,-4.454204800128073,9.680246141791956,1.8792175735683199,-5.288572561697439,3.4144327109676507,-7.007293570685753,-8.297790217886776,-9.233971241995963,4.369967087989004,-0.6833158598365374,-0.4662648816371315,0.1151095807521196,0.3746370197538275,-1.1582736679297307,5.264047584605097,-0.9935716031478078,-1.4468213143985686,-0.8037778142614488,1.081384748781149,0.4520407836374074,0.25898600165451696,-1.3549620506594853,0.0
Simvastatine_N5_1,28.208525802217803,-4.454204800128073,9.680246141791956,1.8792175735683199,-5.288572561697439,3.4144327109676507,-7.007293570685753,-8.297790217886776,-9.233971241995963,4.369967087989004,-0.6833158598365374,-0.4662648816371315,0.1151095807521196,0.3746370197538275,-1.1582736679297307,5.264047584605097,-0.9935716031478078,-1.4468213143985686,-0.8037778142614488,1.081384748781149,0.4520407836374074,0.25898600165451696,-0.01101595163137803,0.0
Simvastatine_N6_1,28.208525802217803,-4.454204800128073,9.680246141791956,1.8792175735683199,-5.288572561697439,3.4144327109676507,-7.007293570685753,-8.297790217886776,-9.233971241995963,4.369967087989004,-0.6833158598365374,-0.4662648816371315,0.1151095807521196,0.3746370197538275,-1.1582736679297307,5.264047584605097,-0.9935716031478078,-1.4468213143985686,-0.8037778142614488,1.081384748781149,0.4520407836374074,0.25898600165451696,1.3329301473967292,0.0
Simvastatine_N7_1,28.208525802217803,-4.454204800128073,9.680246141791956,1.8792175735683199,-5.288572561697439,3.4144327109676507,-7.007293570685753,-8.297790217886776,-9.233971241995963,4.369967087989004,-0.6833158598365374,-0.4662648816371315,0.1151095807521196,0.3746370197538275,-1.1582736679297307,5.264047584605097,-0.9935716031478078,-1.4468213143985686,-0.8037778142614488,1.081384748781149,0.4520407836374074,0.25898600165451696,-1.3549620506594853,1.3339459376998315
Simvastatine_N8_1,28.208525802217803,-4.454204800128073,9.680246141791956,1.8792175735683199,-5.288572561697439,3.4144327109676507,-7.007293570685753,-8.297790217886776,-9.233971241995963,4.369967087989004,-0.6833158598365374,-0.4662648816371315,0.1151095807521196,0.3746370197538275,-1.1582736679297307,5.264047584605097,-0.9935716031478078,-1.4468213143985686,-0.8037778142614488,1.081384748781149,0.4520407836374074,0.25898600165451696,-0.01101595163137803,1.3339459376998315
Simvastatine_N9_1,28.208525802217803,-4.454204800128073,9.680246141791956,1.8792175735683199,-5.288572561697439,3.4144327109676507,-7.007293570685753,-8.297790217886776,-9.233971241995963,4.369967087989004,-0.6833158598365374,-0.4662648816371315,0.1151095807521196,0.3746370197538275,-1.1582736679297307,5.264047584605097,-0.9935716031478078,-1.4468213143985686,-0.8037778142614488,1.081384748781149,0.4520407836374074,0.25898600165451696,1.3329301473967292,1.3339459376998315
Simvastatine_N10_1,28.208525802217803,-4.454204800128073,9.680246141791956,1.8792175735683199,-5.288572561697439,3.4144327109676507,-7.007293570685753,-8.297790217886776,-9.233971241995963,4.369967087989004,-0.6833158598365374,-0.4662648816371315,0.1151095807521196,0.3746370197538275,-1.1582736679297307,5.264047584605097,-0.9935716031478078,-1.4468213143985686,-0.8037778142614488,1.081384748781149,0.4520407836374074,0.25898600165451696,-0.01101595163137803,0.0
Simvastatine_N11_1,28.208525802217803,-4.454204800128073,9.680246141791956,1.8792175735683199,-5.288572561697439,3.4144327109676507,-7.007293570685753,-8.297790217886776,-9.233971241995963,4.369967087989004,-0.6833158598365374,-0.4662648816371315,0.1151095807521196,0.3746370197538275,-1.1582736679297307,5.264047584605097,-0.9935716031478078,-1.4468213143985686,-0.8037778142614488,1.081384748781149,0.4520407836374074,0.25898600165451696,-0.01101595163137803,0.0
Carvedilol_N1_1,20.22107896197927,-11.44730916706418,-17.412946421292794,3.5513991484798164,17.75737464511035,-2.848347126613489,5.948126622858622,0.872906732084858,-2.942893435877422,4.241408136807566,-0.8883181237208856,0.34581672651413164,2.635132316967319,0.13502851855573597,1.2510334162883214,4.889341839457984,-0.1846698061705349,2.843507314445584,2.740702494874261,-0.08823159742817306,-0.7806418735249085,-0.26621156108043403,-1.3549620506594853,-1.3339459376998315
Carvedilol_N2_1,20.22107896197927,-11.44730916706418,-17.412946421292794,3.5513991484798164,17.75737464511035,-2.848347126613489,5.948126622858622,0.872906732084858,-2.942893435877422,4.241408136807566,-0.8883181237208856,0.34581672651413164,2.635132316967319,0.13502851855573597,1.2510334162883214,4.889341839457984,-0.1846698061705349,2.843507314445584,2.740702494874261,-0.08823159742817306,-0.7806418735249085,-0.26621156108043403,-0.01101595163137803,-1.3339459376998315
Carvedilol_N3_1,20.22107896197927,-11.44730916706418,-17.412946421292794,3.5513991484798164,17.75737464511035,-2.848347126613489,5.948126622858622,0.872906732084858,-2.942893435877422,4.241408136807566,-0.8883181237208856,0.34581672651413164,2.635132316967319,0.13502851855573597,1.2510334162883214,4.889341839457984,-0.1846698061705349,2.843507314445584,2.740702494874261,-0.08823159742817306,-0.7806418735249085,-0.26621156108043403,1.3329301473967292,-1.3339459376998315
Carvedilol_N4_1,20.22107896197927,-11.44730916706418,-17.412946421292794,3.5513991484798164,17.75737464511035,-2.848347126613489,5.948126622858622,0.872906732084858,-2.942893435877422,4.241408136807566,-0.8883181237208856,0.34581672651413164,2.635132316967319,0.13502851855573597,1.2510334162883214,4.889341839457984,-0.1846698061705349,2.843507314445584,2.740702494874261,-0.08823159742817306,-0.7806418735249085,-0.26621156108043403,-1.3549620506594853,0.0
Carvedilol_N5_1,20.22107896197927,-11.44730916706418,-17.412946421292794,3.5513991484798164,17.75737464511035,-2.848347126613489,5.948126622858622,0.872906732084858,-2.942893435877422,4.241408136807566,-0.8883181237208856,0.34581672651413164,2.635132316967319,0.13502851855573597,1.2510334162883214,4.889341839457984,-0.1846698061705349,2.843507314445584,2.740702494874261,-0.08823159742817306,-0.7806418735249085,-0.26621156108043403,-0.01101595163137803,0.0
Carvedilol_N6_1,20.22107896197927,-11.44730916706418,-17.412946421292794,3.5513991484798164,17.75737464511035,-2.848347126613489,5.948126622858622,0.872906732084858,-2.942893435877422,4.241408136807566,-0.8883181237208856,0.34581672651413164,2.635132316967319,0.13502851855573597,1.2510334162883214,4.889341839457984,-0.1846698061705349,2.843507314445584,2.740702494874261,-0.08823159742817306,-0.7806418735249085,-0.26621156108043403,1.3329301473967292,0.0
Carvedilol_N7_1,20.22107896197927,-11.44730916706418,-17.412946421292794,3.5513991484798164,17.75737464511035,-2.848347126613489,5.948126622858622,0.872906732084858,-2.942893435877422,4.241408136807566,-0.8883181237208856,0.34581672651413164,2.635132316967319,0.13502851855573597,1.2510334162883214,4.889341839457984,-0.1846698061705349,2.843507314445584,2.740702494874261,-0.08823159742817306,-0.7806418735249085,-0.26621156108043403,-1.3549620506594853,1.3339459376998315
Carvedilol_N8_1,20.22107896197927,-11.44730916706418,-17.412946421292794,3.5513991484798164,17.75737464511035,-2.848347126613489,5.948126622858622,0.872906732084858,-2.942893435877422,4.241408136807566,-0.8883181237208856,0.34581672651413164,2.635132316967319,0.13502851855573597,1.2510334162883214,4.889341839457984,-0.1846698061705349,2.843507314445584,2.740702494874261,-0.08823159742817306,-0.7806418735249085,-0.26621156108043403,-0.01101595163137803,1.3339459376998315
Carvedilol_N9_1,20.22107896197927,-11.44730916706418,-17.412946421292794,3.5513991484798164,17.75737464511035,-2.848347126613489,5.948126622858622,0.872906732084858,-2.942893435877422,4.241408136807566,-0.8883181237208856,0.34581672651413164,2.635132316967319,0.13502851855573597,1.2510334162883214,4.889341839457984,-0.1846698061705349,2.843507314445584,2.740702494874261,-0.08823159742817306,-0.7806418735249085,-0.26621156108043403,1.3329301473967292,1.3339459376998315
Carvedilol_N10_1,20.22107896197927,-11.44730916706418,-17.412946421292794,3.5513991484798164,17.75737464511035,-2.848347126613489,5.948126622858622,0.872906732084858,-2.942893435877422,4.241408136807566,-0.8883181237208856,0.34581672651413164,2.635132316967319,0.13502851855573597,1.2510334162883214,4.889341839457984,-0.1846698061705349,2.843507314445584,2.740702494874261,-0.08823159742817306,-0.7806418735249085,-0.26621156108043403,-0.01101595163137803,0.0
Carvedilol_N11_1,20.22107896197927,-11.44730916706418,-17.412946421292794,3.5513991484798164,17.75737464511035,-2.848347126613489,5.948126622858622,0.872906732084858,-2.942893435877422,4.241408136807566,-0.8883181237208856,0.34581672651413164,2.635132316967319,0.13502851855573597,1.2510334162883214,4.889341839457984,-0.1846698061705349,2.843507314445584,2.740702494874261,-0.08823159742817306,-0.7806418735249085,-0.26621156108043403,-0.01101595163137803,0.0
Aciclovir_N1_1,-15.03536684924507,-5.8947222036187865,-9.133523255522952,-5.100208225850588,-0.5668083103773627,18.981402509798126,-7.298193553195019,6.784259274039391,2.6033977710293597,-2.8315076351242365,-0.4435469159522016,-4.181321421484254,-0.8178850067053283,1.2828600745503824,0.3962316467701675,-5.0415376813354245,2.1882216135951107,2.30465770732261,-0.2473253111092364,2.5422493391831615,0.5475157031495611,1.420226361958311,-1.3549620506594853,-1.3339459376998315
Aciclovir_N2_1,-15.03536684924507,-5.8947222036187865,-9.133523255522952,-5.100208225850588,-0.5668083103773627,18.981402509798126,-7.298193553195019,6.784259274039391,2.6033977710293597,-2.8315076351242365,-0.4435469159522016,-4.181321421484254,-0.8178850067053283,1.2828600745503824,0.3962316467701675,-5.0415376813354245,2.1882216135951107,2.30465770732261,-0.2473253111092364,2.5422493391831615,0.5475157031495611,1.420226361958311,-0.01101595163137803,-1.3339459376998315
Aciclovir_N3_1,-15.03536684924507,-5.8947222036187865,-9.133523255522952,-5.100208225850588,-0.5668083103773627,18.981402509798126,-7.298193553195019,6.784259274039391,2.6033977710293597,-2.8315076351242365,-0.4435469159522016,-4.181321421484254,-0.8178850067053283,1.2828600745503824,0.3962316467701675,-5.0415376813354245,2.1882216135951107,2.30465770732261,-0.2473253111092364,2.5422493391831615,0.5475157031495611,1.420226361958311,1.3329301473967292,-1.3339459376998315
Aciclovir_N4_1,-15.03536684924507,-5.8947222036187865,-9.133523255522952,-5.100208225850588,-0.5668083103773627,18.981402509798126,-7.298193553195019,6.784259274039391,2.6033977710293597,-2.8315076351242365,-0.4435469159522016,-4.181321421484254,-0.8178850067053283,1.2828600745503824,0.3962316467701675,-5.0415376813354245,2.1882216135951107,2.30465770732261,-0.2473253111092364,2.5422493391831615,0.5475157031495611,1.420226361958311,-1.3549620506594853,0.0
Aciclovir_N5_1,-15.03536684924507,-5.8947222036187865,-9.133523255522952,-5.100208225850588,-0.5668083103773627,18.981402509798126,-7.298193553195019,6.784259274039391,2.6033977710293597,-2.8315076351242365,-0.4435469159522016,-4.181321421484254,-0.8178850067053283,1.2828600745503824,0.3962316467701675,-5.0415376813354245,2.1882216135951107,2.30465770732261,-0.2473253111092364,2.5422493391831615,0.5475157031495611,1.420226361958311,-0.01101595163137803,0.0
Aciclovir_N6_1,-15.03536684924507,-5.8947222036187865,-9.133523255522952,-5.100208225850588,-0.5668083103773627,18.981402509798126,-7.298193553195019,6.784259274039391,2.6033977710293597,-2.8315076351242365,-0.4435469159522016,-4.181321421484254,-0.8178850067053283,1.2828600745503824,0.3962316467701675,-5.0415376813354245,2.1882216135951107,2.30465770732261,-0.2473253111092364,2.5422493391831615,0.5475157031495611,1.420226361958311,1.3329301473967292,0.0
Aciclovir_N7_1,-15.03536684924507,-5.8947222036187865,-9.133523255522952,-5.100208225850588,-0.5668083103773627,18.981402509798126,-7.298193553195019,6.784259274039391,2.6033977710293597,-2.8315076351242365,-0.4435469159522016,-4.181321421484254,-0.8178850067053283,1.2828600745503824,0.3962316467701675,-5.0415376813354245,2.1882216135951107,2.30465770732261,-0.2473253111092364,2.5422493391831615,0.5475157031495611,1.420226361958311,-1.3549620506594853,1.3339459376998315
Aciclovir_N8_1,-15.03536684924507,-5.8947222036187865,-9.133523255522952,-5.100208225850588,-0.5668083103773627,18.981402509798126,-7.298193553195019,6.784259274039391,2.6033977710293597,-2.8315076351242365,-0.4435469159522016,-4.181321421484254,-0.8178850067053283,1.2828600745503824,0.3962316467701675,-5.0415376813354245,2.1882216135951107,2.30465770732261,-0.2473253111092364,2.5422493391831615,0.5475157031495611,1.420226361958311,-0.01101595163137803,1.3339459376998315
Aciclovir_N9_1,-15.03536684924507,-5.8947222036187865,-9.133523255522952,-5.100208225850588,-0.5668083103773627,18.981402509798126,-7.298193553195019,6.784259274039391,2.6033977710293597,-2.8315076351242365,-0.4435469159522016,-4.181321421484254,-0.8178850067053283,1.2828600745503824,0.3962316467701675,-5.0415376813354245,2.1882216135951107,2.30465770732261,-0.2473253111092364,2.5422493391831615,0.5475157031495611,1.420226361958311,1.3329301473967292,1.3339459376998315
Aciclovir_N11_1,-15.03536684924507,-5.8947222036187865,-9.133523255522952,-5.100208225850588,-0.5668083103773627,18.981402509798126,-7.298193553195019,6.784259274039391,2.6033977710293597,-2.8315076351242365,-0.4435469159522016,-4.181321421484254,-0.8178850067053283,1.2828600745503824,0.3962316467701675,-5.0415376813354245,2.1882216135951107,2.30465770732261,-0.2473253111092364,2.5422493391831615,0.5475157031495611,1.420226361958311,-0.01101595163137803,0.0
Atenolol_N1_1,-1.8768822558497023,-12.60372227619046,-1.4591182099044517,5.698239635754084,-2.5068121433265684,-3.3645912132232167,-9.512699263730994,-4.712152821588179,3.3153960470928445,-0.2673055731518174,-1.4768411033038413,-0.5428384880082001,0.5222577710902169,0.47814402947459267,-0.6861094987809764,-0.34642731389784964,0.6881400702285345,0.7778781333536233,-0.7176126035221118,-1.5256746067304692,2.480540208969557,-0.46998472557347837,-1.3549620506594853,-1.3339459376998315
Atenolol_N2_1,-1.8768822558497023,-12.60372227619046,-1.4591182099044517,5.698239635754084,-2.5068121433265684,-3.3645912132232167,-9.512699263730994,-4.712152821588179,3.3153960470928445,-0.2673055731518174,-1.4768411033038413,-0.5428384880082001,0.5222577710902169,0.47814402947459267,-0.6861094987809764,-0.34642731389784964,0.6881400702285345,0.7778781333536233,-0.7176126035221118,-1.5256746067304692,2.480540208969557,-0.46998472557347837,-0.01101595163137803,-1.3339459376998315
Atenolol_N3_1,-1.8768822558497023,-12.60372227619046,-1.4591182099044517,5.698239635754084,-2.5068121433265684,-3.3645912132232167,-9.512699263730994,-4.712152821588179,3.3153960470928445,-0.2673055731518174,-1.4768411033038413,-0.5428384880082001,0.5222577710902169,0.47814402947459267,-0.6861094987809764,-0.34642731389784964,0.6881400702285345,0.7778781333536233,-0.7176126035221118,-1.5256746067304692,2.480540208969557,-0.46998472557347837,1.3329301473967292,-1.3339459376998315
Atenolol_N4_1,-1.8768822558497023,-12.60372227619046,-1.4591182099044517,5.698239635754084,-2.5068121433265684,-3.3645912132232167,-9.512699263730994,-4.712152821588179,3.3153960470928445,-0.2673055731518174,-1.4768411033038413,-0.5428384880082001,0.5222577710902169,0.47814402947459267,-0.6861094987809764,-0.34642731389784964,0.6881400702285345,0.7778781333536233,-0.7176126035221118,-1.5256746067304692,2.480540208969557,-0.46998472557347837,-1.3549620506594853,0.0
Atenolol_N5_1,-1.8768822558497023,-12.60372227619046,-1.4591182099044517,5.698239635754084,-2.5068121433265684,-3.3645912132232167,-9.512699263730994,-4.712152821588179,3.3153960470928445,-0.2673055731518174,-1.4768411033038413,-0.5428384880082001,0.5222577710902169,0.47814402947459267,-0.6861094987809764,-0.34642731389784964,0.6881400702285345,0.7778781333536233,-0.7176126035221118,-1.5256746067304692,2.480540208969557,-0.46998472557347837,-0.01101595163137803,0.0
Atenolol_N6_1,-1.8768822558497023,-12.60372227619046,-1.4591182099044517,5.698239635754084,-2.5068121433265684,-3.3645912132232167,-9.512699263730994,-4.712152821588179,3.3153960470928445,-0.2673055731518174,-1.4768411033038413,-0.5428384880082001,0.5222577710902169,0.47814402947459267,-0.6861094987809764,-0.34642731389784964,0.6881400702285345,0.7778781333536233,-0.7176126035221118,-1.5256746067304692,2.480540208969557,-0.46998472557347837,1.3329301473967292,0.0
Atenolol_N7_1,-1.8768822558497023,-12.60372227619046,-1.4591182099044517,5.698239635754084,-2.5068121433265684,-3.3645912132232167,-9.512699263730994,-4.712152821588179,3.3153960470928445,-0.2673055731518174,-1.4768411033038413,-0.5428384880082001,0.5222577710902169,0.47814402947459267,-0.6861094987809764,-0.34642731389784964,0.6881400702285345,0.7778781333536233,-0.7176126035221118,-1.5256746067304692,2.480540208969557,-0.46998472557347837,-1.3549620506594853,1.3339459376998315
Atenolol_N8_1,-1.8768822558497023,-12.60372227619046,-1.4591182099044517,5.698239635754084,-2.5068121433265684,-3.3645912132232167,-9.512699263730994,-4.712152821588179,3.3153960470928445,-0.2673055731518174,-1.4768411033038413,-0.5428384880082001,0.5222577710902169,0.47814402947459267,-0.6861094987809764,-0.34642731389784964,0.6881400702285345,0.7778781333536233,-0.7176126035221118,-1.5256746067304692,2.480540208969557,-0.46998472557347837,-0.01101595163137803,1.3339459376998315
Atenolol_N9_1,-1.8768822558497023,-12.60372227619046,-1.4591182099044517,5.698239635754084,-2.5068121433265684,-3.3645912132232167,-9.512699263730994,-4.712152821588179,3.3153960470928445,-0.2673055731518174,-1.4768411033038413,-0.5428384880082001,0.5222577710902169,0.47814402947459267,-0.6861094987809764,-0.34642731389784964,0.6881400702285345,0.7778781333536233,-0.7176126035221118,-1.5256746067304692,2.480540208969557,-0.46998472557347837,1.3329301473967292,1.3339459376998315
Atenolol_N10_1,-1.8768822558497023,-12.60372227619046,-1.4591182099044517,5.698239635754084,-2.5068121433265684,-3.3645912132232167,-9.512699263730994,-4.712152821588179,3.3153960470928445,-0.2673055731518174,-1.4768411033038413,-0.5428384880082001,0.5222577710902169,0.47814402947459267,-0.6861094987809764,-0.34642731389784964,0.6881400702285345,0.7778781333536233,-0.7176126035221118,-1.5256746067304692,2.480540208969557,-0.46998472557347837,-0.01101595163137803,0.0
Atenolol_N11_1,-1.8768822558497023,-12.60372227619046,-1.4591182099044517,5.698239635754084,-2.5068121433265684,-3.3645912132232167,-9.512699263730994,-4.712152821588179,3.3153960470928445,-0.2673055731518174,-1.4768411033038413,-0.5428384880082001,0.5222577710902169,0.47814402947459267,-0.6861094987809764,-0.34642731389784964,0.6881400702285345,0.7778781333536233,-0.7176126035221118,-1.5256746067304692,2.480540208969557,-0.46998472557347837,-0.01101595163137803,0.0
Hidroclorotiazida_N1_1,-11.177025297516673,28.54441893250051,-5.911653717746043,-7.662801318759396,8.335219251791663,-7.119126873469241,-11.034431186440989,-1.5993509049735062,-0.8375428749511137,-2.4390396031253916,5.743690233317599,-0.3638151931560698,0.9546163785776539,-0.32469482436246017,-0.5565525315680873,-3.0250391180646523,-0.17001987573958982,2.4458118824655717,-2.9818860302282952,-2.074437321027289,-1.7117953139824167,-0.09833919088888574,-1.3549620506594853,-1.3339459376998315
Hidroclorotiazida_N2_1,-11.177025297516673,28.54441893250051,-5.911653717746043,-7.662801318759396,8.335219251791663,-7.119126873469241,-11.034431186440989,-1.5993509049735062,-0.8375428749511137,-2.4390396031253916,5.743690233317599,-0.3638151931560698,0.9546163785776539,-0.32469482436246017,-0.5565525315680873,-3.0250391180646523,-0.17001987573958982,2.4458118824655717,-2.9818860302282952,-2.074437321027289,-1.7117953139824167,-0.09833919088888574,-0.01101595163137803,-1.3339459376998315
Hidroclorotiazida_N3_1,-11.177025297516673,28.54441893250051,-5.911653717746043,-7.662801318759396,8.335219251791663,-7.119126873469241,-11.034431186440989,-1.5993509049735062,-0.8375428749511137,-2.4390396031253916,5.743690233317599,-0.3638151931560698,0.9546163785776539,-0.32469482436246017,-0.5565525315680873,-3.0250391180646523,-0.17001987573958982,2.4458118824655717,-2.9818860302282952,-2.074437321027289,-1.7117953139824167,-0.09833919088888574,1.3329301473967292,-1.3339459376998315
Hidroclorotiazida_N4_1,-11.177025297516673,28.54441893250051,-5.911653717746043,-7.662801318759396,8.335219251791663,-7.119126873469241,-11.034431186440989,-1.5993509049735062,-0.8375428749511137,-2.4390396031253916,5.743690233317599,-0.3638151931560698,0.9546163785776539,-0.32469482436246017,-0.5565525315680873,-3.0250391180646523,-0.17001987573958982,2.4458118824655717,-2.9818860302282952,-2.074437321027289,-1.7117953139824167,-0.09833919088888574,-1.3549620506594853,0.0
Hidroclorotiazida_N5_1,-11.177025297516673,28.54441893250051,-5.911653717746043,-7.662801318759396,8.335219251791663,-7.119126873469241,-11.034431186440989,-1.5993509049735062,-0.8375428749511137,-2.4390396031253916,5.743690233317599,-0.3638151931560698,0.9546163785776539,-0.32469482436246017,-0.5565525315680873,-3.0250391180646523,-0.17001987573958982,2.4458118824655717,-2.9818860302282952,-2.074437321027289,-1.7117953139824167,-0.09833919088888574,-0.01101595163137803,0.0
Hidroclorotiazida_N6_1,-11.177025297516673,28.54441893250051,-5.911653717746043,-7.662801318759396,8.335219251791663,-7.119126873469241,-11.034431186440989,-1.5993509049735062,-0.8375428749511137,-2.4390396031253916,5.743690233317599,-0.3638151931560698,0.9546163785776539,-0.32469482436246017,-0.5565525315680873,-3.0250391180646523,-0.17001987573958982,2.4458118824655717,-2.9818860302282952,-2.074437321027289,-1.7117953139824167,-0.09833919088888574,1.3329301473967292,0.0
Hidroclorotiazida_N7_1,-11.177025297516673,28.54441893250051,-5.911653717746043,-7.662801318759396,8.335219251791663,-7.119126873469241,-11.034431186440989,-1.5993509049735062,-0.8375428749511137,-2.4390396031253916,5.743690233317599,-0.3638151931560698,0.9546163785776539,-0.32469482436246017,-0.5565525315680873,-3.0250391180646523,-0.17001987573958982,2.4458118824655717,-2.9818860302282952,-2.074437321027289,-1.7117953139824167,-0.09833919088888574,-1.3549620506594853,1.3339459376998315
Hidroclorotiazida_N8_1,-11.177025297516673,28.54441893250051,-5.911653717746043,-7.662801318759396,8.335219251791663,-7.119126873469241,-11.034431186440989,-1.5993509049735062,-0.8375428749511137,-2.4390396031253916,5.743690233317599,-0.3638151931560698,0.9546163785776539,-0.32469482436246017,-0.5565525315680873,-3.0250391180646523,-0.17001987573958982,2.4458118824655717,-2.9818860302282952,-2.074437321027289,-1.7117953139824167,-0.09833919088888574,-0.01101595163137803,1.3339459376998315
Hidroclorotiazida_N9_1,-11.177025297516673,28.54441893250051,-5.911653717746043,-7.662801318759396,8.335219251791663,-7.119126873469241,-11.034431186440989,-1.5993509049735062,-0.8375428749511137,-2.4390396031253916,5.743690233317599,-0.3638151931560698,0.9546163785776539,-0.32469482436246017,-0.5565525315680873,-3.0250391180646523,-0.17001987573958982,2.4458118824655717,-2.9818860302282952,-2.074437321027289,-1.7117953139824167,-0.09833919088888574,1.3329301473967292,1.3339459376998315
Hidroclorotiazida_N11_1,-11.177025297516673,28.54441893250051,-5.911653717746043,-7.662801318759396,8.335219251791663,-7.119126873469241,-11.034431186440989,-1.5993509049735062,-0.8375428749511137,-2.4390396031253916,5.743690233317599,-0.3638151931560698,0.9546163785776539,-0.32469482436246017,-0.5565525315680873,-3.0250391180646523,-0.17001987573958982,2.4458118824655717,-2.9818860302282952,-2.074437321027289,-1.7117953139824167,-0.09833919088888574,-0.01101595163137803,0.0
Acetazolamida_N1_1,-27.37738362420808,13.066917392119917,5.916313360782891,15.89426334528104,2.7013432606662637,7.78565082718014,9.286205474626039,-4.963626126297726,-2.2992210548881147,-3.6090955009561845,2.0976348995604672,1.6083003268985614,0.4614870240675269,0.30294291767807074,0.25957964278935947,-6.925336258754087,-5.6808750675414,-0.8985570065225219,1.1737441046058001,0.0901645480506129,0.03186963891324156,0.06805004924333863,-1.3549620506594853,-1.3339459376998315
Acetazolamida_N2_1,-27.37738362420808,13.066917392119917,5.916313360782891,15.89426334528104,2.7013432606662637,7.78565082718014,9.286205474626039,-4.963626126297726,-2.2992210548881147,-3.6090955009561845,2.0976348995604672,1.6083003268985614,0.4614870240675269,0.30294291767807074,0.25957964278935947,-6.925336258754087,-5.6808750675414,-0.8985570065225219,1.1737441046058001,0.0901645480506129,0.03186963891324156,0.06805004924333863,-0.01101595163137803,-1.3339459376998315
Acetazolamida_N3_1,-27.37738362420808,13.066917392119917,5.916313360782891,15.89426334528104,2.7013432606662637,7.78565082718014,9.286205474626039,-4.963626126297726,-2.2992210548881147,-3.6090955009561845,2.0976348995604672,1.6083003268985614,0.4614870240675269,0.30294291767807074,0.25957964278935947,-6.925336258754087,-5.6808750675414,-0.8985570065225219,1.1737441046058001,0.0901645480506129,0.03186963891324156,0.06805004924333863,1.3329301473967292,-1.3339459376998315
Acetazolamida_N4_1,-27.37738362420808,13.066917392119917,5.916313360782891,15.89426334528104,2.7013432606662637,7.78565082718014,9.286205474626039,-4.963626126297726,-2.2992210548881147,-3.6090955009561845,2.0976348995604672,1.6083003268985614,0.4614870240675269,0.30294291767807074,0.25957964278935947,-6.925336258754087,-5.6808750675414,-0.8985570065225219,1.1737441046058001,0.0901645480506129,0.03186963891324156,0.06805004924333863,-1.3549620506594853,0.0
Acetazolamida_N5_1,-27.37738362420808,13.066917392119917,5.916313360782891,15.89426334528104,2.7013432606662637,7.78565082718014,9.286205474626039,-4.963626126297726,-2.2992210548881147,-3.6090955009561845,2.0976348995604672,1.6083003268985614,0.4614870240675269,0.30294291767807074,0.25957964278935947,-6.925336258754087,-5.6808750675414,-0.8985570065225219,1.1737441046058001,0.0901645480506129,0.03186963891324156,0.06805004924333863,-0.01101595163137803,0.0
Acetazolamida_N6_1,-27.37738362420808,13.066917392119917,5.916313360782891,15.89426334528104,2.7013432606662637,7.78565082718014,9.286205474626039,-4.963626126297726,-2.2992210548881147,-3.6090955009561845,2.0976348995604672,1.6083003268985614,0.4614870240675269,0.30294291767807074,0.25957964278935947,-6.925336258754087,-5.6808750675414,-0.8985570065225219,1.1737441046058001,0.0901645480506129,0.03186963891324156,0.06805004924333863,1.3329301473967292,0.0
Acetazolamida_N7_1,-27.37738362420808,13.066917392119917,5.916313360782891,15.89426334528104,2.7013432606662637,7.78565082718014,9.286205474626039,-4.963626126297726,-2.2992210548881147,-3.6090955009561845,2.0976348995604672,1.6083003268985614,0.4614870240675269,0.30294291767807074,0.25957964278935947,-6.925336258754087,-5.6808750675414,-0.8985570065225219,1.1737441046058001,0.0901645480506129,0.03186963891324156,0.06805004924333863,-1.3549620506594853,1.3339459376998315
Acetazolamida_N8_1,-27.37738362420808,13.066917392119917,5.916313360782891,15.89426334528104,2.7013432606662637,7.78565082718014,9.286205474626039,-4.963626126297726,-2.2992210548881147,-3.6090955009561845,2.0976348995604672,1.6083003268985614,0.4614870240675269,0.30294291767807074,0.25957964278935947,-6.925336258754087,-5.6808750675414,-0.8985570065225219,1.1737441046058001,0.0901645480506129,0.03186963891324156,0.06805004924333863,-0.01101595163137803,1.3339459376998315
Acetazolamida_N9_1,-27.37738362420808,13.066917392119917,5.916313360782891,15.89426334528104,2.7013432606662637,7.78565082718014,9.286205474626039,-4.963626126297726,-2.2992210548881147,-3.6090955009561845,2.0976348995604672,1.6083003268985614,0.4614870240675269,0.30294291767807074,0.25957964278935947,-6.925336258754087,-5.6808750675414,-0.8985570065225219,1.1737441046058001,0.0901645480506129,0.03186963891324156,0.06805004924333863,1.3329301473967292,1.3339459376998315
Acetazolamida_N10_1,-27.37738362420808,13.066917392119917,5.916313360782891,15.89426334528104,2.7013432606662637,7.78565082718014,9.286205474626039,-4.963626126297726,-2.2992210548881147,-3.6090955009561845,2.0976348995604672,1.6083003268985614,0.4614870240675269,0.30294291767807074,0.25957964278935947,-6.925336258754087,-5.6808750675414,-0.8985570065225219,1.1737441046058001,0.0901645480506129,0.03186963891324156,0.06805004924333863,-0.01101595163137803,0.0
Acetazolamida_N11_1,-27.37738362420808,13.066917392119917,5.916313360782891,15.89426334528104,2.7013432606662637,7.78565082718014,9.286205474626039,-4.963626126297726,-2.2992210548881147,-3.6090955009561845,2.0976348995604672,1.6083003268985614,0.4614870240675269,0.30294291767807074,0.25957964278935947,-6.925336258754087,-5.6808750675414,-0.8985570065225219,1.1737441046058001,0.0901645480506129,0.03186963891324156,0.06805004924333863,-0.01101595163137803,0.0
Spironolactona_N1_1,30.471038385693824,5.800748996965909,22.937082209090267,-2.097229056113712,6.642633836129708,2.01719390122974,2.2143518500384722,6.967666487954367,6.279529194705771,3.315434548663575,0.04849969651167386,2.190906411042507,-1.1165978207644955,0.3578428775158085,-0.8883004463231711,4.1645012387039735,-0.6449896758368594,-2.245193876253536,-2.1631974400420857,0.7883196454910477,-0.5299720723647371,0.40680510980010326,-1.3549620506594853,-1.3339459376998315
Spironolactona_N2_1,30.471038385693824,5.800748996965909,22.937082209090267,-2.097229056113712,6.642633836129708,2.01719390122974,2.2143518500384722,6.967666487954367,6.279529194705771,3.315434548663575,0.04849969651167386,2.190906411042507,-1.1165978207644955,0.3578428775158085,-0.8883004463231711,4.1645012387039735,-0.6449896758368594,-2.245193876253536,-2.1631974400420857,0.7883196454910477,-0.5299720723647371,0.40680510980010326,-0.01101595163137803,-1.3339459376998315
Spironolactona_N3_1,30.471038385693824,5.800748996965909,22.937082209090267,-2.097229056113712,6.642633836129708,2.01719390122974,2.2143518500384722,6.967666487954367,6.279529194705771,3.315434548663575,0.04849969651167386,2.190906411042507,-1.1165978207644955,0.3578428775158085,-0.8883004463231711,4.1645012387039735,-0.6449896758368594,-2.245193876253536,-2.1631974400420857,0.7883196454910477,-0.5299720723647371,0.40680510980010326,1.3329301473967292,-1.3339459376998315
Spironolactona_N4_1,30.471038385693824,5.800748996965909,22.937082209090267,-2.097229056113712,6.642633836129708,2.01719390122974,2.2143518500384722,6.967666487954367,6.279529194705771,3.315434548663575,0.04849969651167386,2.190906411042507,-1.1165978207644955,0.3578428775158085,-0.8883004463231711,4.1645012387039735,-0.6449896758368594,-2.245193876253536,-2.1631974400420857,0.7883196454910477,-0.5299720723647371,0.40680510980010326,-1.3549620506594853,0.0
Spironolactona_N5_1,30.471038385693824,5.800748996965909,22.937082209090267,-2.097229056113712,6.642633836129708,2.01719390122974,2.2143518500384722,6.967666487954367,6.279529194705771,3.315434548663575,0.04849969651167386,2.190906411042507,-1.1165978207644955,0.3578428775158085,-0.8883004463231711,4.1645012387039735,-0.6449896758368594,-2.245193876253536,-2.1631974400420857,0.7883196454910477,-0.5299720723647371,0.40680510980010326,-0.01101595163137803,0.0
Spironolactona_N6_1,30.471038385693824,5.800748996965909,22.937082209090267,-2.097229056113712,6.642633836129708,2.01719390122974,2.2143518500384722,6.967666487954367,6.279529194705771,3.315434548663575,0.04849969651167386,2.190906411042507,-1.1165978207644955,0.3578428775158085,-0.8883004463231711,4.1645012387039735,-0.6449896758368594,-2.245193876253536,-2.1631974400420857,0.7883196454910477,-0.5299720723647371,0.40680510980010326,1.3329301473967292,0.0
Spironolactona_N7_1,30.471038385693824,5.800748996965909,22.937082209090267,-2.097229056113712,6.642633836129708,2.01719390122974,2.2143518500384722,6.967666487954367,6.279529194705771,3.315434548663575,0.04849969651167386,2.190906411042507,-1.1165978207644955,0.3578428775158085,-0.8883004463231711,4.1645012387039735,-0.6449896758368594,-2.245193876253536,-2.1631974400420857,0.7883196454910477,-0.5299720723647371,0.40680510980010326,-1.3549620506594853,1.3339459376998315
Spironolactona_N8_1,30.471038385693824,5.800748996965909,22.937082209090267,-2.097229056113712,6.642633836129708,2.01719390122974,2.2143518500384722,6.967666487954367,6.279529194705771,3.315434548663575,0.04849969651167386,2.190906411042507,-1.1165978207644955,0.3578428775158085,-0.8883004463231711,4.1645012387039735,-0.6449896758368594,-2.245193876253536,-2.1631974400420857,0.7883196454910477,-0.5299720723647371,0.40680510980010326,-0.01101595163137803,1.3339459376998315
Spironolactona_N9_1,30.471038385693824,5.800748996965909,22.937082209090267,-2.097229056113712,6.642633836129708,2.01719390122974,2.2143518500384722,6.967666487954367,6.279529194705771,3.315434548663575,0.04849969651167386,2.190906411042507,-1.1165978207644955,0.3578428775158085,-0.8883004463231711,4.1645012387039735,-0.6449896758368594,-2.245193876253536,-2.1631974400420857,0.7883196454910477,-0.5299720723647371,0.40680510980010326,1.3329301473967292,1.3339459376998315
Spironolactona_N10_1,30.471038385693824,5.800748996965909,22.937082209090267,-2.097229056113712,6.642633836129708,2.01719390122974,2.2143518500384722,6.967666487954367,6.279529194705771,3.315434548663575,0.04849969651167386,2.190906411042507,-1.1165978207644955,0.3578428775158085,-0.8883004463231711,4.1645012387039735,-0.6449896758368594,-2.245193876253536,-2.1631974400420857,0.7883196454910477,-0.5299720723647371,0.40680510980010326,-0.01101595163137803,0.0
Spironolactona_N11_1,30.471038385693824,5.800748996965909,22.937082209090267,-2.097229056113712,6.642633836129708,2.01719390122974,2.2143518500384722,6.967666487954367,6.279529194705771,3.315434548663575,0.04849969651167386,2.190906411042507,-1.1165978207644955,0.3578428775158085,-0.8883004463231711,4.1645012387039735,-0.6449896758368594,-2.245193876253536,-2.1631974400420857,0.7883196454910477,-0.5299720723647371,0.40680510980010326,-0.01101595163137803,0.0
Cafeina_N2_1,-15.404874815004655,-3.026666520258304,3.5672774380499916,-16.665061818169473,-5.151758315172677,0.866874296996789,5.137674984780547,15.275159950880397,-22.41496543334482,-2.97666909247412,-2.7099170205116576,1.2747647144273593,-0.1551229154999804,-0.7128631446344909,-0.17744435887782256,-4.224451579993049,3.3899013798380353,-1.891711029812565,1.2378335607507012,2.154331602505642,-2.772623106448067,-0.796398984470979,-0.01101595163137803,-1.3339459376998315
Cafeina_N5_1,-15.404874815004655,-3.026666520258304,3.5672774380499916,-16.665061818169473,-5.151758315172677,0.866874296996789,5.137674984780547,15.275159950880397,-22.41496543334482,-2.97666909247412,-2.7099170205116576,1.2747647144273593,-0.1551229154999804,-0.7128631446344909,-0.17744435887782256,-4.224451579993049,3.3899013798380353,-1.891711029812565,1.2378335607507012,2.154331602505642,-2.772623106448067,-0.796398984470979,-0.01101595163137803,0.0
Cafeina_N9_1,-15.404874815004655,-3.026666520258304,3.5672774380499916,-16.665061818169473,-5.151758315172677,0.866874296996789,5.137674984780547,15.275159950880397,-22.41496543334482,-2.97666909247412,-2.7099170205116576,1.2747647144273593,-0.1551229154999804,-0.7128631446344909,-0.17744435887782256,-4.224451579993049,3.3899013798380353,-1.891711029812565,1.2378335607507012,2.154331602505642,-2.772623106448067,-0.796398984470979,1.3329301473967292,1.3339459376998315
