Primary ID,%5min,%10min,%15min,%30min,%60min,%120min,%180min,%240min
Amlodipine_N1_1,6.824995026817443,10.59970335320513,14.395171633411426,19.54290035373339,31.67695008441473,49.80513820502118,52.67070372624907,55.55066599705996
Amlodipine_N1_2,13.240677994394494,16.853359143326596,20.485702080185035,20.485702080185035,34.36985655576939,62.79868698412883,62.79868698412883,62.79868698412883
Amlodipine_N2_1,3.087206216600382,5.35680929233455,7.63892598990253,13.57808153523809,25.862663774415015,45.19477819341374,50.3212465044606,55.474809760636944
Amlodipine_N2_2,13.442931013536125,17.10879216301489,20.794604302490335,15.275948411840451,26.57237217447841,46.01521745746027,46.01521745746027,52.0863597785526
Amlodipine_N4_1,4.643495622081096,9.536276350538868,14.456095876388623,17.031156591781304,29.929858648313264,45.66908157790633,52.00763822775754,58.38001241575531
Amlodipine_N4_2,4.643495622081096,10.0,13.0,15.740822878773129,22.076405287538496,45.15762584722674,52.11314802633532,59.10593632944039
Amlodipine_N5_1,6.414502379539379,7.43685331380769,8.464685997020098,14.061017825350625,26.289260489769813,44.083034287388344,50.90555435987802,57.76462740458446
Amlodipine_N5_2,8.992129704690894,8.992129704690894,15.0,20.959946992384666,29.692091491759477,54.51874744896866,55.730169623015456,56.94665167646025
Amlodipine_N10_1,3.733495325260414,7.780808974194856,11.850492467619508,19.044162446087665,33.41567598408874,49.93754318757984,57.78320616163918,65.67092779462769
Amlodipine_N10_2,8.7667238328663,13.92048043065436,19.10259843164518,25.067117537756072,35.78203015635892,48.89934043787225,51.34336592367256,53.7994775563467
Amlodipine_N11_1,2.27083257288342,5.571471771501544,8.890377767131344,12.704596085475622,22.900338463122843,49.6591356899832,51.0824269111671,52.512101537234926
Amlodipine_N11_2,5.089549401444608,7.068955655999552,9.05920152711062,17.433413534937856,31.18753077822135,50.75163516101764,52.10925450255399,53.47286166720978
Paracetamol_N1_1,11.54586180264664,17.962212888242252,24.4138540149985,37.08166749573858,57.133372970443745,83.99019912090895,91.2723276685886,98.59234542021146
Paracetamol_N1_2,12.912253024270012,17.331253979844682,21.774406414400197,39.079958051061915,64.73933664142363,93.04083856778271,96.14822843409034,99.27003649102691
Paracetamol_N2_1,13.540663476212348,19.52570177594947,25.543572366750688,45.13689830677781,69.03466638542153,90.60239062625212,93.28943657345695,95.98864361189295
Paracetamol_N2_2,13.576247831852994,18.433083790819573,23.316483151785594,40.78267585146515,67.12952724985111,94.74653896590183,94.74653896590183,98.1513610548662
Paracetamol_N3_1,15.694458946069352,21.85914338829038,28.057591680531576,43.51742742820388,64.75386223059297,90.93254376706604,92.0050051377877,93.08064766629391
Paracetamol_N3_2,12.060278944181782,15.535543547893354,19.02974294634949,33.43967572782815,53.51007415625691,79.88669676646107,87.06007243605342,94.27085730003722
Paracetamol_N4_1,12.774620368110796,16.902846509426443,21.05361296200963,33.467346624432544,54.17583710810356,97.38321132172165,98.68946821755095,100.0
Paracetamol_N4_2,8.757594129436157,13.323093493146663,17.913686446096012,30.31438070777453,54.5303015367297,96.19183372388268,97.88630103280244,99.58723443724286
Paracetamol_N5_1,12.471591762955311,20.267393937854575,28.10612119916492,43.41965537166818,66.57947766011713,96.29269913705336,98.23717140331308,100.0
Paracetamol_N5_2,11.326171427193833,18.558701895653098,25.831063515744937,42.28670292738455,66.63792294509554,96.07530897463788,97.28456013698904,98.49759211968777
Paracetamol_N6_1,13.226456903885635,22.39855519900599,31.621201371787404,45.05606731309603,64.23340646178984,87.39537933132773,90.86030523751128,94.34181339735834
Paracetamol_N6_2,10.375352385233809,16.199444892749494,22.055573242825904,37.447162000178515,60.57315718016648,87.06909533165677,92.05122157202928,97.05836395680416
Paracetamol_N7_1,9.980941012882331,15.35069484106212,20.74997258121905,37.29050110475112,60.8157382368462,94.11847780029755,97.05252892015396,100.0
Paracetamol_N7_2,9.128025083585335,13.363005396654003,17.621231648959355,28.038695720897636,45.969356563244816,73.91184061791512,86.9209148887144,100.0
Paracetamol_N8_1,9.972746629062186,16.154276274983346,22.36983995144885,34.876295668134645,55.849802288864815,82.73805446200232,91.57078134173976,100.0
Paracetamol_N8_2,11.35417553311658,17.222619457531902,23.123315410677524,39.20053430412984,63.42433009001761,96.72640004621891,98.36014139972512,100.0
Paracetamol_N9_1,10.916556329747326,18.959849876687542,27.047491457026513,49.00212665151808,82.01540025026165,95.24184073634572,95.24184073634572,95.24184073634572
Paracetamol_N9_2,11.475660878328371,19.712013491083113,27.993769431289007,50.66215228346342,83.63519866174029,95.30968141412616,95.30968141412616,95.30968141412616
Paracetamol_N10_1,12.10953578903104,18.086028379794488,24.095349956068684,34.854528990365715,51.13612087118477,77.76386537950513,88.85231954900839,100.0
Paracetamol_N10_2,11.635202714979409,17.428831909187377,23.254288821057152,34.07115210474935,52.31918094516711,84.20501134057396,91.96496963990982,99.765463512511
Paracetamol_N11_1,13.5725691418504,22.782757998697058,32.04369566496009,54.90476706001836,86.30687570742467,98.6979499894265,98.76504701497664,98.82950628101052
Paracetamol_N11_2,12.739046576507716,21.273441864559377,29.854857279316985,50.87934957960782,82.9541962666862,96.6416604423465,96.7750683222632,96.90626827531572
Felodipine_N1_1,11.69895259332673,12.30100657210513,19.52978172144682,23.1582671158074,36.17502189979135,63.04791946454788,73.12178546814813,76.92431801917216
Felodipine_N1_2,8.847389716242732,13.72092888201061,17.549184197631668,26.16906833059244,44.75309842995278,72.60590760394837,89.89122463479296,90.76022478833173
Felodipine_N2_1,3.5438811483927415,4.962589363799542,6.770620817958538,12.240531570912482,23.06416678852228,44.776336206463085,77.76424333623437,77.90263629098968
Felodipine_N2_2,4.531475069127848,7.216289214264118,9.23721255737273,17.358798146957444,22.993977662946634,59.053188742248416,59.053188742248416,84.59704716498904
Felodipine_N3_1,3.9911906698079087,5.592975196908543,7.381686986281091,11.994960104046193,22.738299335956064,42.80484196771033,56.723107428352975,61.774171716317205
Felodipine_N3_2,3.32701811677959,3.982972362198302,5.6971925455928325,8.730526571723757,16.973027383148604,32.08778549681532,47.41348849717561,56.66885959788305
Felodipine_N4_1,8.400019668321965,14.634139274589606,16.92498537073263,31.271543132325128,66.6351839750441,91.97398494687263,92.37023053102946,94.36797060271972
Felodipine_N4_2,9.9361999350782,15.394772611732176,20.01009184704061,34.09283366384211,71.55865077111596,94.05846280665575,95.06759247780646,94.22374775842762
Felodipine_N5_1,4.149119770301763,7.712937777844843,10.671585419392576,20.67589722641961,41.72225398584074,72.95178819448186,91.249228957441,92.53237623577408
Felodipine_N5_2,5.2379819771120415,9.26474184285276,12.94711329183471,25.413086579456195,52.82130807040773,91.44877507740794,94.41502034521643,94.41502034521643
Felodipine_N6_1,3.993679818550209,4.9299451283515525,4.9299451283515525,15.832739810558374,31.89258929896428,44.76973609672484,49.2983020039077,49.76135811705237
Felodipine_N6_2,2.831871668872699,3.664544150261872,4.938202509437914,8.792744240767975,16.775630009431115,29.972817848319387,41.060572464674095,46.680674178718306
Felodipine_N7_1,6.204618276641165,8.180559546879335,10.922303333660787,19.179862585841995,39.994665606944174,82.1728421177185,93.35878704935746,90.69047761187366
Felodipine_N7_2,9.308861851814614,10.985504707404385,14.443822523788434,26.735013487583277,44.756670761637366,77.00956962718553,92.35392721733152,92.35392721733152
Felodipine_N8_1,4.583953722092127,7.418292949158742,10.458311125643757,16.725130481195997,28.813145157024636,46.0998038093681,57.01909742692138,98.89524353123902
Felodipine_N8_2,4.263433968337153,6.321916130551078,8.691567452585307,14.715403756998768,27.904936289029376,68.58349748201903,90.14591978903844,91.71367093209408
Felodipine_N9_1,2.547425892354819,3.9105411889729345,5.744227550999148,9.651692746556646,14.879318388864576,25.97448536183868,36.26508431164177,52.239447967327216
Felodipine_N9_2,3.668828057699845,4.551034222880207,5.924185306086355,9.5698748683061,16.605588810097018,29.900696998065182,48.63898355636804,60.74055173607249
Felodipine_N10_1,3.8810851537974673,5.622684476849346,7.553843514533152,14.095659268894378,25.53369356092015,59.475332709320085,70.34424340325401,83.99177061758685
Felodipine_N10_2,8.551072751816644,12.455284952077166,16.11564720750006,27.20328653683377,45.29002012201614,71.3734674491332,86.60168110912687,88.0159257647971
Felodipine_N11_1,3.8810851537974673,5.622684476849346,7.553843514533152,14.095659268894378,25.53369356092015,59.475332709320085,70.34424340325401,83.99177061758685
Felodipine_N11_2,8.551072751816644,12.455284952077166,16.11564720750006,27.20328653683377,45.29002012201614,71.3734674491332,86.60168110912687,88.0159257647971
Simvastatine_N1_1,0.6367819338529774,1.605249600851449,6.029390788524541,17.091471639888578,48.18657153100747,97.02076798387296,100.0,100.0
Simvastatine_N1_2,1.15,3.3350621988270253,10.19273383973444,20.941703146288997,49.281592946616975,93.15114412124728,96.49051958362628,96.49051958362628
Simvastatine_N2_1,0.05,2.6187573391461823,5.14921365563333,13.848840444310651,32.01080909923754,67.48672907500624,67.48672907500624,73.11223506212256
Simvastatine_N2_2,1.8040850157560344,5.523062010030905,11.5385935353587,25.50502858993511,41.89088063175995,86.19618052635175,86.19618052635175,94.64024857900382
Simvastatine_N3_1,0.0503096624430267,1.6589821947374348,4.501008318934831,18.90510642688542,38.3919159433777,73.11836231433877,79.8438685112242,80.41070580547796
Simvastatine_N3_2,0.8451825739395875,3.2887563259529444,6.433270258360241,22.2361536976017,41.41601192862044,71.90193947481083,89.01397239281197,89.01397239281197
Simvastatine_N4_1,1.0,4.415030746065345,7.695273592020175,16.9468516187231,33.839981641767174,69.41173750419395,95.18978018518716,95.18978018518716
Simvastatine_N4_2,0.3134844094039424,1.9222180561831237,5.682535525635593,17.45579158558611,41.400286522477074,82.06142715615792,95.49976507013632,99.56112572008897
Simvastatine_N5_1,2.1232238685924973,4.22669358746332,7.0094842225337075,18.181114109441616,36.99776337164849,71.63660565875259,91.24590323578283,100.0
Simvastatine_N5_2,2.576389598648262,4.824386836226341,7.991804492518804,18.703508532621257,37.84740713349421,68.23166220140895,90.0451139697646,91.04194735574902
Simvastatine_N6_1,1.1104158301552134,4.452362023395217,7.314108914731056,19.40997210186825,41.02417851742744,76.08871196472269,84.27630152974085,86.4854733765764
Simvastatine_N6_2,1.8584382882025603,3.877860138116073,6.417967257057345,16.00597812270416,33.314767691778464,66.66358628852835,79.71214624670269,83.97041119172458
Simvastatine_N7_1,2.0,4.050010507049617,11.284228115740753,23.567131437960107,53.27863385358898,94.8475337437664,99.79659420491129,100.0
Simvastatine_N7_2,1.780083150619291,4.018728552249894,11.197069647077043,23.3851008138128,52.8671139789867,94.11493903610496,99.02577335305166,100.0
Simvastatine_N8_1,0.8908290683984107,3.8343416674626862,6.386405382643249,13.612806031952774,23.9018644884697,45.6265091249362,66.29309828102474,79.45484353119423
Simvastatine_N8_2,1.5903319459426273,3.95880104418369,6.845078697258985,14.623846083236064,26.529096116355923,50.822569889899555,71.92048757778686,82.20764049820531
Simvastatine_N9_1,1.727285255771025,4.700014321204845,7.735702331559782,15.07007023214222,34.63141279044651,65.36727531250413,81.40643946240174,86.02255902560675
Simvastatine_N9_2,3.4754016567571053,5.698150102608175,9.0921496720181,14.606911910241545,28.60883791294896,57.29691625108473,75.21442975262448,80.83316990727253
Simvastatine_N10_1,2.2322361959260206,7.041179910800629,11.80863837888442,25.30291216504222,51.27194349690715,84.82456121543828,90.51858661435448,91.28839649250678
Simvastatine_N10_2,1.4604184787160694,4.763088844841758,8.168206195184302,17.52100205849158,37.41113009482072,69.75448195705836,87.38290133551186,90.56316751270312
Simvastatine_N11_1,1.8629492956246403,5.07616782330569,9.253638087350978,21.087549856264943,45.88755548779706,79.41139694760669,91.68759876100306,94.94905464191592
Simvastatine_N11_2,1.3783708244906328,5.375809740892187,7.662747021634413,15.445683650054535,34.96214737863796,66.21733842150373,82.64192448726851,90.33306442815427
Carvedilol_N1_1,5.637996837744543,10.728069629690015,16.039328675049287,31.3041836596778,64.06935508438761,94.31244542749444,97.65147825788472,98.68918718878922
Carvedilol_N1_2,5.178275651643275,10.777613111324207,18.99703600383576,40.992066951442766,84.88100427164156,93.70608490977249,93.70608490977249,95.86893034609017
Carvedilol_N2_1,2.694115073002354,6.799238898885235,10.584198443617886,19.50879478898275,38.10798557478266,65.10043334432751,93.77241694233724,95.74626443256494
Carvedilol_N2_2,3.5961498875273117,6.951867531616497,12.024987868161013,27.08369329278088,48.0415312599118,76.89009366799299,76.89009366799299,98.23138317293952
Carvedilol_N4_1,8.094081423867133,11.284783244740913,14.24554403341312,27.43720803281618,45.049198740920666,76.50752757426939,98.63135013283954,99.38577664498165
Carvedilol_N4_2,6.672216719432677,11.157429069717978,16.724699152705448,31.838667663245488,56.88034369815816,84.35715602332644,97.21849180354434,97.82514903107015
Carvedilol_N5_1,4.168955743435415,9.18757086684569,13.528983898404428,26.730474512784525,48.86544172024052,75.93569895574883,91.79049289022208,97.16887795533992
Carvedilol_N5_2,6.16533078191836,12.50116380553434,22.34639091603417,37.332610701560895,58.657565139678105,85.66340447875264,96.92159874205552,97.95281244803876
Carvedilol_N6_1,4.66880490865988,10.417793892065264,16.407753451401476,27.568028633849305,47.148468367963545,80.87672570073907,82.4606981824943,82.87124064519126
Carvedilol_N6_2,3.798976178239242,8.12002167132687,12.247871367316002,23.729175209337964,42.529515122615535,75.91142958395875,80.88915524499917,80.88915524499917
Carvedilol_N7_1,9.296187930554732,15.077320674216043,18.765440947072857,31.35239508587906,53.0392842989283,95.9044073627495,100.0,100.0
Carvedilol_N7_2,5.683559077439077,22.13430507380441,24.993626461528383,28.66805909965875,59.93792524365627,93.35935764087856,96.14710828466444,100.0
Carvedilol_N8_1,6.879121384095764,13.892960809993184,21.359128123827244,41.06679227075339,79.99042651777987,90.97840988289714,91.43747750231675,92.1031025741179
Carvedilol_N8_2,7.532939022840964,16.847082048356892,23.65486378326053,41.61391051476646,65.10748612992806,89.9069274902396,90.95160587594822,90.95160587594822
Carvedilol_N10_1,5.934073417134555,12.934712762203088,17.4204642304539,37.8968006264825,60.067158254387984,94.36142776616724,99.29561251473385,99.29561251473385
Carvedilol_N10_2,7.453273744915938,13.726495225339152,21.190573680713555,37.874430158582186,88.11000908188619,92.38594030463354,98.66334531624037,99.45844682945985
Carvedilol_N11_1,3.968656061066639,8.285055389625256,12.118675281103087,25.87688400587376,49.32519443868111,79.86320534451046,93.94684118566984,95.5127246291498
Carvedilol_N11_2,3.816080560054076,14.075244710797078,19.303179024263468,30.87045881610663,46.774430805718545,71.08956029585671,86.32540944307725,87.87372821328115
Aciclovir_N1_1,6.894944114459792,12.589112168444434,18.05614795407149,33.55596615789367,61.05097162340047,94.4181990941522,97.42726872350956,98.18781867172694
Aciclovir_N1_2,7.604476525558916,13.418852599283875,18.48445102155277,29.73267495486746,48.95844726654889,78.79324974724757,95.54855765941858,96.59390992487504
Aciclovir_N2_1,5.753710990854605,9.68702917779568,13.532937662026043,23.303277591278817,41.10985597557935,75.9932316429235,95.2776471542938,96.61669384650854
Aciclovir_N2_2,5.240117204405735,8.469624943586595,11.979958905096613,20.219314593210804,38.66267252285138,80.62525266841622,80.62525266841622,98.09216198051011
Aciclovir_N3_1,6.155243236900918,12.757520624948215,20.56141430803157,35.086616233493416,64.4011506956183,96.92076440592488,97.62769543808248,98.32455974069649
Aciclovir_N3_2,8.64427814943101,13.86776993808707,20.526471756291254,37.48408012573099,70.71506542175936,95.50619869440943,96.10966855433404,97.18977120978796
Aciclovir_N4_1,6.8019277016238195,13.245164710197203,17.85139702488891,34.52089379189685,88.63022890957767,93.5046346813114,97.6454440349976,99.45823036074152
Aciclovir_N4_2,6.7118861487851165,12.06789491377396,18.30444740740991,34.30093645847421,91.50704085849338,95.7819141499391,97.82866566895386,99.45836196078584
Aciclovir_N5_1,8.065761791164848,13.12969923969392,16.97636629830822,28.07103024066486,55.18917722823683,92.32208134809112,97.49737668014303,98.23786123813473
Aciclovir_N5_2,9.159420749130382,12.948509026777936,15.770549900065015,26.42000395772837,51.09313391640578,84.30864148626551,98.62872212204664,99.21573247493352
Aciclovir_N6_1,9.492907240407757,14.184919150169192,19.30310683313882,34.309192735463135,71.68581712916595,91.03919536417746,91.74059786190516,92.60096338831458
Aciclovir_N6_2,8.14935879902983,13.507916636873274,19.15842404844306,33.83863997370307,65.20145927475428,90.97539979608923,91.87587897993932,92.68729632306736
Aciclovir_N7_1,10.18685562354822,16.899316366125486,22.374631017534096,40.83025994727364,74.9434464598962,94.84920922801156,97.1396386476208,97.67133442250888
Aciclovir_N7_2,12.751686851834055,19.66173191823399,24.712081788121885,38.03826317266312,60.851019481396456,89.27574216025084,96.8316075107112,97.36205045961977
Aciclovir_N8_1,5.318245720630083,10.266451618926263,14.620083855154796,28.207353976995982,53.81578538301514,89.22767799092964,94.51987600475488,95.03880650679548
Aciclovir_N8_2,5.356449902971848,10.09006025318884,14.363197706308611,27.49696600488748,51.68823631599293,85.93533482149779,96.0408389551866,96.56841982445472
Aciclovir_N9_1,8.592639801581397,17.92761697965049,27.113539683924923,51.40731172940982,76.19638733241983,98.12904733510705,98.91802766217992,99.45901383108996
Aciclovir_N9_2,8.12314194289495,17.690026166001044,27.31259888094344,54.20424576039466,82.73702148985676,93.68878690488022,98.91829242316368,99.45914621158184
Aciclovir_N10_1,5.727586865180316,11.7537283971683,17.352512995008293,33.70387189202906,84.55674553936103,90.67898559894692,96.60806889766856,99.45787257888269
Aciclovir_N10_2,6.884685916569079,13.194880837002612,20.70360173216265,37.49147509785744,88.04714064473906,92.34718295806304,98.66158835120248,99.45838475992076
Aciclovir_N11_1,5.727586865180316,11.7537283971683,17.352512995008293,33.70387189202906,84.55674553936103,90.67898559894692,96.60806889766856,99.45787257888269
Aciclovir_N11_2,6.884685916569079,13.194880837002612,20.70360173216265,37.49147509785744,88.04714064473906,92.34718295806304,98.66158835120248,99.45838475992076
Hidroclorotiazida_N1_1,8.638924150489279,14.912899138329418,20.6372555801722,36.99214532318663,60.84834990361689,89.87682943597801,98.41715793557373,99.4575625675849
Hidroclorotiazida_N1_2,6.523998289265644,10.880993208420348,15.948623187834071,28.19508147498883,48.98311639766859,79.73306768223031,98.91263717917587,99.45631858958792
Hidroclorotiazida_N2_1,7.341380087604742,12.894421325780398,18.15552996438698,32.97239929749299,57.20211898971802,88.03384178181092,94.89521978048,99.12517242999152
Hidroclorotiazida_N2_2,9.558954257300812,14.73839984711858,20.07304362918781,34.34748728046815,62.78941390890679,93.5770732142512,93.5770732142512,98.4481883155025
Hidroclorotiazida_N3_1,5.479677018141447,8.614597158901326,12.578535896155817,24.23583790369558,41.93244765054009,63.427136347038406,77.58774582573018,86.14633968960304
Hidroclorotiazida_N3_2,5.175694938120746,9.008397105882818,12.651507389703465,23.348432864530913,41.67959556960926,68.60627661562843,81.73346202894197,86.67323708613444
Hidroclorotiazida_N4_1,7.999888005612866,13.305919146688726,19.110458035238608,35.27092260716993,62.00109447336456,96.82794859116336,97.3616568318172,100.0
Hidroclorotiazida_N4_2,8.545202788812961,14.838030811880804,19.458192101451864,29.989474255959113,47.00374408430289,72.22908273795288,87.91806600552778,97.20701681656186
Hidroclorotiazida_N5_1,4.6578606252394374,8.934568115039484,12.867535608723005,24.80419298653787,47.80645018335714,82.05611912588,92.40130988554247,94.86132671393312
Hidroclorotiazida_N5_2,5.443540737899779,9.567174951054366,13.248978594804433,23.527211982575803,41.75985815996997,70.86597558481039,90.28359488859932,94.4967021579324
Hidroclorotiazida_N6_1,5.95636369698154,9.090060372906189,11.40748646263298,17.978336137893606,30.779884588563135,58.70494328058536,87.40431991805805,96.71418619748856
Hidroclorotiazida_N6_2,5.2777015827033935,9.627485285154258,12.129286782616129,18.11984607045583,30.94140448338915,55.2728263974324,76.79123312319086,86.79398262332465
Hidroclorotiazida_N7_1,9.287052510126648,16.119733974481516,23.040693267719103,37.050587131903946,73.77496613205165,93.31093962846091,93.82444669855916,94.33795376865736
Hidroclorotiazida_N7_2,8.545629158693377,14.930706692219358,19.959812238288865,33.518058873286606,63.36428567680043,92.70546992668628,94.55585118944532,95.31447033268591
Hidroclorotiazida_N8_1,8.177101738090052,12.339583628529894,16.0935756643428,26.556890706030693,44.73315914423166,68.31698873388862,83.22303288215923,87.06536016649979
Hidroclorotiazida_N8_2,5.915377911795729,10.260194661487876,14.556730373557553,26.65611769212936,52.930589216967384,81.37838657984724,86.05570656242406,90.03415543839274
Hidroclorotiazida_N9_1,4.235530593719971,8.080937326619068,12.077656762601569,24.9479697832283,48.4135100529431,71.77016849583146,82.47938028896527,90.7124252523592
Hidroclorotiazida_N9_2,4.685237937316248,8.518121894722622,12.309382925339944,23.03338620208526,43.14708635280268,67.1960465752882,74.14542749625407,80.41526804863517
Hidroclorotiazida_N10_1,7.430100989513012,12.2906841511649,17.127133078962284,30.734961897606933,57.6652963261254,85.37782504484237,91.8724341074923,94.22038584166428
Hidroclorotiazida_N10_2,7.970644529361094,14.132523201512605,19.99102102649185,35.42913145861963,55.371910182275904,86.33823440843608,91.4919777757286,96.04195827088908
Acetazolamida_N1_1,11.168793413430192,17.05539504181321,27.004945817781675,36.916054545427976,60.7205337271257,75.73291521057442,77.75654400335095,78.18152721085102
Acetazolamida_N1_2,14.850897128078437,18.63162448235728,24.841608139188924,35.07570649573677,48.99113110423352,75.2453178049977,77.5810891235382,78.05409719338738
Acetazolamida_N2_1,7.565337056411428,11.651559073565702,15.626923803008657,27.6531447411175,45.58237222590988,80.53522997283163,89.92692376500791,89.92692376500791
Acetazolamida_N2_2,8.513426109443722,12.56788055936966,16.096483012390227,26.27351880010127,44.8468213655387,77.15869146386608,77.15869146386608,87.11378158612658
Acetazolamida_N3_1,5.776964467218959,8.862072551938285,11.892621734743008,20.866962222306213,36.07728338191385,59.58286713544417,71.05057675720572,75.96456280751575
Acetazolamida_N3_2,7.645675271672982,12.163427853546,16.039417967828694,26.26061751862547,42.75994426747045,69.39394795612525,80.67779732052904,82.04061074970348
Acetazolamida_N4_1,9.741510958676251,16.36484125323361,20.688947771559988,29.8539949319755,46.58742173252772,64.215802126403,68.55896746615493,68.55896746615493
Acetazolamida_N4_2,9.163242747867043,15.677219026186492,16.148452354530583,25.127124543505747,40.426043218781935,59.58131334571012,71.34556576536355,71.34556576536355
Acetazolamida_N5_1,7.82128746169023,13.225539468183497,18.0432033041349,29.95926435400577,64.45471214793045,90.64145998294023,93.34688375168196,93.34688375168196
Acetazolamida_N5_2,8.091924331506553,14.1594670371547,16.88077181431481,30.05217368572003,61.844521123625064,94.6534916658278,97.32167166787605,97.32167166787605
Acetazolamida_N6_1,5.89157782606816,10.998659192517042,15.462942914597058,26.90853559409397,53.37469206777174,82.65237310991692,87.99140111136018,89.65780266191942
Acetazolamida_N6_2,3.943847377744941,7.083058286715962,10.029903632668772,19.917130745198513,40.4736441984568,67.42494708803072,77.70342882570608,86.75088486243035
Acetazolamida_N7_1,12.329070948374495,19.075819437105174,24.540854538549265,36.46137894684386,55.237869637413304,61.99568619358467,69.29443505988552,75.42526897878287
Acetazolamida_N7_2,13.651843526714735,17.571891934080025,21.78025570386159,40.05348525521938,61.123848415204094,61.99448727182821,72.15825401374205,72.15825401374205
Acetazolamida_N8_1,9.609601438758943,16.203639279889973,22.896904948546524,45.1844875609813,78.97843646392991,83.19563591175364,83.19563591175364,83.19563591175364
Acetazolamida_N8_2,7.614182255321163,10.643847263971075,14.755370319278,27.31114987266241,59.26532564409295,78.54357477220947,85.39870390009459,86.26075028709789
Acetazolamida_N9_1,5.213443258086551,8.478351405697303,11.493602509528008,25.65407390996949,41.33322248945069,59.492802334546504,67.33371998953665,74.99253804009774
Acetazolamida_N9_2,6.008416048568995,11.092120236052638,14.9545152091676,26.872414712326144,47.08266447657986,61.532346603889685,70.89521138283541,77.42025211959837
Acetazolamida_N10_1,8.16900473941159,13.658449380202642,16.478854939480144,26.82094473336548,46.659896984329066,88.12669272026893,92.9726563944049,92.36086859926424
Acetazolamida_N10_2,6.854625472684784,9.67410198626773,11.823103951172852,19.222418698797885,36.22776480891448,71.59827605657685,87.37029405429203,89.36598846047444
Acetazolamida_N11_1,10.443293034896904,14.706937128883602,18.632524843512957,28.230778919529016,56.70853259627439,91.35636280381728,92.3035131847675,92.81777981644882
Acetazolamida_N11_2,7.626250768311385,11.7087067091276,16.20537368016676,31.96545198568539,64.63404623757904,97.75249135218117,98.40576967037332,99.01071203254826
Spironolactona_N1_1,6.069954860887321,8.449900032279572,12.083670892359248,16.933041048178552,28.39645451101632,45.766033682941064,56.57608915746141,58.0
Spironolactona_N1_2,10.093705797636929,11.991792751296902,17.16903369134499,22.763825908197006,37.962441623840846,53.84150593382069,53.84150593382069,55.0
Spironolactona_N8_1,2.7422132302037325,8.050557615598317,8.050557615598317,14.042529220536949,23.42548979248911,39.25390393649245,45.46383358695903,57.51047026296939
Spironolactona_N8_2,4.157567549826421,5.264378786029573,11.559680730348736,17.854982674667898,31.95619775995759,40.74204203555121,49.126996929952334,67.0736550938989
Cafeina_N2_1,10.400192719865045,15.12160911760736,19.868934612845777,33.59994839556072,55.988262413140696,84.23210643799493,89.46608282588856,94.72656009651736
Cafeina_N2_2,8.19844083268607,12.593827189658532,17.013379321427987,30.461499319786064,55.2083375563274,89.24681388378698,89.24681388378698,93.1723966389502
Cafeina_N5_1,9.546045051179274,15.42256241461858,21.33143246572357,36.94136925082231,61.49624031593655,93.28956159307856,97.15715564481047,100.0
Cafeina_N5_2,9.50209466032153,15.10553372454469,20.73980973126475,36.168565419705686,61.06474862270999,93.86779474695716,94.87871713519644,95.89238290007673
Cafeina_N9_1,8.481682769551778,14.901193792433382,21.356106985109715,40.71023056253771,67.27731676799482,90.68641494067852,91.58703661029703,92.48988880413454
Cafeina_N9_2,8.325358410025421,14.952756307847672,21.616716127373564,40.39695479054548,67.24190030242143,94.1403041436127,94.1403041436127,94.1403041436127
Metronidazole_N1_1,0.8959454421312376,4.004068826243276,14.641185111308506,32.63501619683769,61.98529126057999,98.96657068850516,100.0,100.0
Metronidazole_N1_2,3.3330970501727983,10.780570121722754,15.772531105242996,32.8665045053938,48.33586280965832,83.86442522351288,95.19407916489544,95.19407916489544
Metronidazole_N2_1,7.518566153594644,16.014359203398744,23.25762324902435,39.70281011273224,65.0649960119191,93.45787867000226,99.36023664066036,99.36023664066036
Metronidazole_N2_2,8.652666468440472,16.12725080395774,23.472858273235328,37.89516985797901,68.78912372926573,83.22723724598687,83.22723724598687,90.38853604994286
Metronidazole_N3_1,5.901788662653556,11.433354070066096,17.428475965939057,36.39633642851047,65.22222261950648,95.30857233960974,100.0,100.0
Metronidazole_N3_2,4.8170085169217085,9.481908042206149,14.100832723405608,23.01020478544104,43.824052275432514,80.37112114909206,87.24998741840142,91.69308372969977
Metronidazole_N4_1,0.2,7.512124746704202,16.997060333240135,36.646433572261074,66.40941707387118,94.30352797916296,94.3152486921782,94.88592207594914
Metronidazole_N4_2,1.7626145020458637,9.250135411636546,17.671766333014094,35.83912777963099,64.77801072703562,88.97736250575268,100.0,100.0
Metronidazole_N5_1,8.607088974365702,22.370899643073997,29.1611670331877,43.91943029483933,67.01612732526348,89.83998224806953,96.14335861344055,96.12281792455248
Metronidazole_N5_2,6.617693963938263,12.002599945506654,16.279629815628642,30.626283387988153,52.343046267454625,77.72524738392133,89.7952475573106,90.923391146825
Metronidazole_N6_1,6.933646068354449,11.289619599056447,14.651711804522645,25.471047660704357,49.12851602468284,82.31494117019116,94.83915742396928,100.0
Metronidazole_N6_2,4.123691525094236,8.095218684608625,12.195027115943152,21.121360603582747,37.499412919803305,62.18869941029436,98.06920398253088,99.64990627727576
Metronidazole_N7_1,2.9448026146858415,9.207403174232306,18.354552318805567,37.19486912583016,62.48312799547479,98.43174583696376,98.43174583696376,100.0
Metronidazole_N7_2,0.2,0.2,0.2,11.974660848114992,49.30035632943603,59.96442506697333,83.95138726995955,86.15444544809424
Metronidazole_N8_1,13.5000855540239,19.54733186396179,24.294597924661144,42.769124551023,77.62087642170263,98.2236631551004,98.2236631551004,98.2236631551004
Metronidazole_N8_2,10.393395255406851,15.666966224680456,22.541714177551565,52.91795670319397,84.35640712436668,100.0,100.0,100.0
Metronidazole_N9_1,12.53002080445612,18.971193076193593,26.259268737610302,45.0121184068735,69.48509980645174,100.0,100.0,100.0
Metronidazole_N9_2,8.286750137509722,13.256417493474205,19.725233079543653,38.84395378606405,67.41082802189133,100.0,100.0,100.0
Metronidazole_N10_1,6.738488194257335,9.188357491833614,13.178378911825623,40.78320708020779,71.66197147083945,97.29570858545632,97.39326801603018,97.39326801603018
Metronidazole_N10_2,13.115717826013253,19.00855141473218,24.494143502385327,54.02798605331004,82.51192895121123,97.06848602578428,97.06848602578428,97.06848602578428
Metronidazole_N11_1,6.880704946563352,11.428747302672631,14.737847260386316,22.4187467609097,38.27201929827853,65.15951691317836,95.02750715879972,95.02750715879972
Metronidazole_N11_2,7.974421367892631,13.2885002854996,15.805155660201534,24.325295755213833,38.195713554824174,67.77678831316558,94.60684078255149,100.0
Atenolol_N1_1,8.10230445729653,14.527624749494798,17.626723807389418,23.555416820076083,42.07130546274761,83.39774623451326,93.32537510033546,98.09158676036644
Atenolol_N1_2,8.421207284578037,14.812279573099918,16.363513592729365,26.13709301022728,41.84128298565894,89.48692149185,89.48692149185,89.48692149185
Atenolol_N2_1,2.8397996097647935,11.63700150146634,13.330376605427086,20.2733286272448,34.26542024564824,70.78391342358245,90.2954770183492,94.6165913289626
Atenolol_N2_2,12.028770125233851,19.446130054827503,23.057318131544783,32.38978588804443,44.04038137284761,80.4854786891778,80.4854786891778,99.593507105134
Atenolol_N3_1,4.63677793062145,8.733170300083078,12.056766347774465,19.28203504591029,30.711284541890087,48.33278226431143,65.81729254590768,83.91213776309644
Atenolol_N3_2,8.859059526709972,12.77938741721854,17.56663650199498,25.850739654097698,38.00694248883854,55.96981166328633,70.11570616973007,83.31508192714283
Atenolol_N4_1,9.243273582425704,16.186228003906034,18.336242331808972,30.65748891462385,53.41955336413636,96.1293742535084,96.87264902005832,98.1854875315668
Atenolol_N4_2,9.89092852126152,16.21529590422624,17.853990586858476,25.401918851606567,38.67058839920047,95.23430002565136,95.39128132967384,99.67665375357828
Atenolol_N5_1,1.2827540490410418,8.858926091412117,12.8918109831367,21.16955830767825,42.161089121041705,83.2668054059452,96.2355904847093,97.96013777610642
Atenolol_N5_2,15.104705921645904,22.08855446013524,34.30276513506867,44.80793287404624,65.61783629015852,93.9201262482883,97.2372939508306,97.2372939508306
Atenolol_N6_1,3.35734258112966,10.560037097331747,15.312174855552849,22.389281663854064,36.114554721331515,56.955755024785475,71.30231473045899,84.14634522741166
Atenolol_N6_2,12.780267012219047,18.782845473801185,22.537001379978843,31.011070249136367,42.90796321813906,63.58485754582775,79.21940446967139,91.19741302128168
Atenolol_N7_1,11.11243414764444,18.70475080964472,21.70470039122548,34.471877785751744,48.37132414859917,99.1309259074511,99.1309259074511,99.93772788857316
Atenolol_N7_2,16.625569518850444,20.47300313756904,29.41064186651979,45.907443799128814,58.364416962899895,97.7379357966588,97.1491722158247,98.43168485789148
Atenolol_N8_1,10.361744619771814,13.70421856862086,22.420771413994498,40.682999169251346,90.89532805050187,96.96768808284315,98.00080773841968,98.32259390355856
Atenolol_N8_2,9.772302805179574,14.88242686163561,22.23689465628412,45.07629537456646,98.79244841626206,99.54624471619228,99.74713137240867,99.74713137240867
Atenolol_N9_1,7.885955316306687,12.719689342033895,17.536489295973222,24.905253868346776,39.19448974980634,60.52950907158223,96.87416388020546,99.71524148712116
Atenolol_N9_2,9.107989835282062,14.282119972440691,19.804934803332426,31.9911344629328,47.126413704223395,69.61838086788435,97.95208736838867,100.0
Atenolol_N10_1,1.2827540490410418,8.858926091412117,12.8918109831367,21.16955830767825,42.161089121041705,83.2668054059452,96.2355904847093,97.96013777610642
Atenolol_N10_2,15.104705921645904,22.08855446013524,34.30276513506867,44.80793287404624,65.61783629015852,93.9201262482883,97.2372939508306,97.2372939508306
Atenolol_N11_1,1.2827540490410418,8.858926091412117,12.8918109831367,21.16955830767825,42.161089121041705,83.2668054059452,96.2355904847093,97.96013777610642
Atenolol_N11_2,15.104705921645904,22.08855446013524,34.30276513506867,44.80793287404624,65.61783629015852,93.9201262482883,97.2372939508306,97.2372939508306
Diclofenac_N2_1,8.280308758961702,13.059155641259403,16.89345607356777,27.423181769861955,48.84458039080771,87.7268802540196,87.7268802540196,87.7268802540196
Diclofenac_N2_2,5.927844306110859,9.993104483734186,14.071073386509546,26.080956150594595,47.540045317869634,78.13213057438234,78.13213057438234,81.92278284179976
Diclofenac_N4_1,7.781061869735251,10.656150295835005,15.479299487028076,28.95776132031703,51.60589787325003,89.40448705579954,95.39480690586944,95.39480690586944
Diclofenac_N4_2,8.525924200714462,16.088311452137305,20.369691598658655,30.854069455598196,58.13407070566945,89.63273147494122,91.4929498951934,91.4929498951934
Diclofenac_N5_1,7.800232394464776,11.797751625269363,16.138127875028317,26.122993387019456,51.27568779725429,80.98731092849323,82.31362778921554,82.43373432243571
Diclofenac_N5_2,9.08918561002665,14.589624005179282,22.42071024518115,38.05591647935994,78.08167757906409,84.1455633930845,84.1455633930845,84.1455633930845
